USpace停車場名稱,USpace城市,USpace區域,USpace日間費率,USpace夜間費率,USpace最高費率,USpace價格定位,周邊臨停服務停車場總數,周邊總車格數,0-30元停車場數,31-50元停車場數,51-80元停車場數,81-120元停車場數,121-200元停車場數,200元以上停車場數,主要價格區間,低價競爭者比例,高價競爭者比例,競爭狀況,周邊平均最高費率,周邊平均日間費率,周邊平均夜間費率,周邊平均月租,USpace最高費率相對差異%,USpace日間費率相對差異%,價格競爭優勢,競爭密度每平方公里,最近競爭者距離km
USPACE富邦金融中心,台北市,大安區,80.0,0,80.0,中價位,193,36418,49,42,28,50,21,3,81-120元,47.2%,12.4%,競爭適中,103.6,75.93,97.2,7313.92,-22.78,5.36,明顯較便宜,6.83,0.36
洛碁大飯店南港館,台北市,南港區,40.0,0,40.0,中低價位,68,15378,27,14,13,10,4,0,0-30元,60.3%,5.9%,低價競爭激烈,57.5,55.88,55.9,5240.32,-30.43,-28.42,明顯較便宜,2.41,0.37
南京吉林路鄰近車位,台北市,中山區,50.0,0,50.0,中低價位,201,31255,46,56,31,36,28,4,31-50元,50.7%,15.9%,競爭適中,128.88,75.42,122.0,7167.04,-61.2,-33.71,明顯較便宜,7.11,0.07
長榮醫院鄰近車位,桃園市,中壢區,15.0,0,15.0,低價位,0,0,0,0,0,0,0,0,無資料,0.0%,0.0%,競爭者少,0,0,-,-,0,0,價格相當,0.0,0
成功國宅車位(和平東路三段),台北市,大安區,60.0,20.0,60.0,中價位,167,30641,42,39,24,42,19,1,0-30元,48.5%,12.0%,競爭適中,82.16,76.11,76.5,7166.53,-26.97,-21.16,明顯較便宜,5.91,0.24
三重大智街精華車位,新北市,三重區,32.857142857142854,10.0,32.857142857142854,中低價位,166,23495,75,38,40,12,1,0,0-30元,68.1%,0.6%,低價競爭激烈,46.86,45.45,44.93,4964.2,-29.88,-27.7,明顯較便宜,5.87,0.2
市民大道四段精華車位,台北市,松山區,50.0,0,50.0,中低價位,202,38817,53,43,30,50,23,3,0-30元,47.5%,12.9%,競爭適中,102.18,75.54,95.85,7116.21,-51.07,-33.81,明顯較便宜,7.15,0.04
南京復興鄰近車位2.0,台北市,松山區,50.0,0,50.0,中低價位,203,38240,44,46,32,51,26,4,81-120元,44.3%,14.8%,競爭適中,132.0,78.82,125.12,7565.12,-62.12,-36.56,明顯較便宜,7.18,0.17
崇明五街,台南市,東區,0,0,0,低價位,0,0,0,0,0,0,0,0,無資料,0.0%,0.0%,競爭者少,0,0,-,-,0,0,價格相當,0.0,0
麗車坊中央路站,花蓮縣,花蓮市,20.0,0,20.0,低價位,0,0,0,0,0,0,0,0,無資料,0.0%,0.0%,競爭者少,0,0,-,-,0,0,價格相當,0.0,0
紘緯南屯德順車位(柵欄外),台中市,南屯區,0,0,0,低價位,0,0,0,0,0,0,0,0,無資料,0.0%,0.0%,競爭者少,0,0,-,-,0,0,價格相當,0.0,0
捷運松江南京站鄰近車位,台北市,中山區,50.0,10.0,50.0,中低價位,203,34746,49,55,32,37,26,4,31-50元,51.2%,14.8%,競爭適中,127.14,73.99,120.22,7153.07,-60.67,-32.42,明顯較便宜,7.18,0.23
桃園火車站機車場,桃園市,桃園區,10.0,0,10.0,低價位,5,284,1,0,3,1,0,0,51-80元,20.0%,0.0%,競爭者少,70.0,70.0,70.0,6600.0,-85.71,-85.71,明顯較便宜,0.18,2.06
芝玉路車位,台北市,士林區,0,0,0,低價位,53,9629,12,24,9,5,1,2,31-50元,67.9%,5.7%,低價競爭激烈,177.64,51.23,172.17,6305.13,0,0,價格相當,1.88,0.31
行政院鄰近車位,台北市,中山區,50.0,0,50.0,中低價位,199,31581,55,52,29,38,23,2,0-30元,53.8%,12.6%,競爭適中,105.18,72.96,99.27,6894.07,-52.46,-31.47,明顯較便宜,7.04,0.16
松山工農精華車位,台北市,信義區,30.0,0,30.0,低價位,140,29846,32,28,21,46,12,1,81-120元,42.9%,9.3%,競爭適中,82.86,72.54,79.29,7395.18,-63.79,-58.64,明顯較便宜,4.95,0.11
Ocean city 海洋都心(機車區),新北市,淡水區,20.0,0,20.0,低價位,38,4189,10,10,13,5,0,0,51-80元,52.6%,0.0%,競爭適中,56.45,54.08,56.45,5037.04,-64.57,-63.02,明顯較便宜,1.34,0.25
西湖站鄰近車位(基湖路),台北市,內湖區,20.0,0,20.0,低價位,68,11960,23,12,16,11,4,2,0-30元,51.5%,8.8%,競爭適中,116.18,61.69,111.84,5543.0,-82.78,-67.58,明顯較便宜,2.41,0.12
IKEA台北城市店鄰近車位,台北市,松山區,40.0,10.0,40.0,中低價位,191,37878,42,39,30,52,24,4,81-120元,42.4%,14.7%,競爭適中,136.65,79.92,130.47,7412.02,-70.73,-49.95,明顯較便宜,6.76,0.11
永吉豐 和苑三井花園飯店（台北忠孝）,台北市,大安區,65.71428571428571,0,65.71428571428571,中價位,212,36293,49,48,35,45,31,4,0-30元,45.8%,16.5%,競爭適中,129.41,78.56,123.1,7348.95,-49.22,-16.35,明顯較便宜,7.5,0.06
28飛行隊門口車位,台北市,中山區,50.0,10.0,50.0,中低價位,208,38818,45,50,30,49,30,4,31-50元,45.7%,16.3%,競爭適中,131.42,79.52,124.76,7530.83,-61.95,-37.12,明顯較便宜,7.36,0.17
廣州街觀光夜市站,台北市,萬華區,30.0,8.0,30.0,低價位,171,29472,60,48,37,20,5,1,0-30元,63.2%,3.5%,低價競爭激烈,65.79,53.21,63.1,5497.5,-54.4,-43.62,明顯較便宜,6.05,0.36
道周醫院(正門),彰化縣,和美鎮,20.0,0,20.0,低價位,0,0,0,0,0,0,0,0,無資料,0.0%,0.0%,競爭者少,0,0,-,-,0,0,價格相當,0.0,0
奧美伽健身會館-台中福科店,台中市,西屯區,40.0,0,40.0,中低價位,0,0,0,0,0,0,0,0,無資料,0.0%,0.0%,競爭者少,0,0,-,-,0,0,價格相當,0.0,0
南港展覽館鄰近車位,台北市,南港區,55.0,30.0,55.0,中價位,66,14792,26,15,13,9,3,0,0-30元,62.1%,4.5%,低價競爭激烈,54.7,53.71,53.0,5078.69,0.55,2.4,價格相當,2.34,0.11
Four Seasons台大,台北市,中正區,28.0,0,28.0,低價位,129,21799,44,31,24,18,11,1,0-30元,58.1%,9.3%,競爭適中,78.64,61.95,75.19,5976.02,-64.4,-54.8,明顯較便宜,4.56,0.11
板橋第一運動場鄰近車位,新北市,板橋區,25.0,0,25.0,低價位,201,31469,76,42,69,13,1,0,0-30元,58.7%,0.5%,競爭適中,52.46,51.62,51.74,4896.65,-52.35,-51.57,明顯較便宜,7.11,0.34
樹林廠房田尾街車位,新北市,樹林區,20.0,0,20.0,低價位,48,3323,13,2,26,5,1,1,51-80元,31.2%,4.2%,競爭適中,111.67,64.47,111.46,5526.67,-82.09,-68.98,明顯較便宜,1.7,0.76
富紳師大分部第一停車場,台北市,文山區,22.857142857142858,10.0,22.857142857142858,低價位,133,20938,45,33,30,16,8,1,0-30元,58.6%,6.8%,競爭適中,73.91,57.58,71.2,5699.33,-69.07,-60.3,明顯較便宜,4.71,0.38
統一時代對面(路易莎旁),台北市,信義區,70.0,0,70.0,中價位,159,33088,40,34,21,49,12,3,81-120元,46.5%,9.4%,競爭適中,107.8,74.12,102.7,7247.44,-35.06,-5.56,明顯較便宜,5.63,0.13
北投大興光明車位,台北市,北投區,30.0,0,30.0,低價位,33,4442,14,12,3,3,0,1,0-30元,78.8%,3.0%,低價競爭激烈,76.67,58.94,69.09,6052.0,-60.87,-49.1,明顯較便宜,1.17,0.32
台中市東區練武路293巷車位,台中市,東區,30.0,0,30.0,低價位,0,0,0,0,0,0,0,0,無資料,0.0%,0.0%,競爭者少,0,0,-,-,0,0,價格相當,0.0,0
桃園忠勇二街場(⚡附設充電樁),桃園市,八德區,22.857142857142858,8.0,22.857142857142858,低價位,5,172,1,0,4,0,0,0,51-80元,20.0%,0.0%,競爭者少,66.0,66.0,66.0,6600.0,-65.37,-65.37,明顯較便宜,0.18,2.65
佑全藥局大勇店(忠勇路),台中市,西屯區,30.0,0,30.0,低價位,0,0,0,0,0,0,0,0,無資料,0.0%,0.0%,競爭者少,0,0,-,-,0,0,價格相當,0.0,0
善導寺鄰近車位,台北市,中正區,50.714285714285715,0,50.714285714285715,中價位,209,32324,54,53,30,43,26,3,0-30元,51.2%,13.9%,競爭適中,120.57,74.78,114.47,7117.82,-57.94,-32.19,明顯較便宜,7.4,0.07
永春大樓後方車位,台北市,信義區,40.0,10.0,40.0,中低價位,117,27906,32,26,17,34,8,0,81-120元,49.6%,6.8%,競爭適中,69.02,67.74,65.56,6832.25,-42.04,-40.95,明顯較便宜,4.14,0.14
旱溪振興路停車場,台中市,東區,20.0,0,20.0,低價位,0,0,0,0,0,0,0,0,無資料,0.0%,0.0%,競爭者少,0,0,-,-,0,0,價格相當,0.0,0
保平路精華車位,新北市,永和區,30.0,0,30.0,低價位,149,25944,43,47,44,12,2,1,31-50元,60.4%,2.0%,低價競爭激烈,67.32,51.93,66.04,5014.66,-55.43,-42.23,明顯較便宜,5.27,0.32
敦南誠品後巷車位(寬心園旁),台北市,大安區,68.57142857142857,0,68.57142857142857,中價位,194,36080,47,43,28,51,22,3,81-120元,46.4%,12.9%,競爭適中,104.56,77.04,98.09,7423.04,-34.42,-10.99,明顯較便宜,6.86,0.3
林口忠孝路車位,新北市,林口區,30.0,0,30.0,低價位,91,10483,26,15,39,11,0,0,51-80元,45.1%,0.0%,競爭適中,58.19,57.09,57.58,5136.36,-48.44,-47.45,明顯較便宜,3.22,0.05
南山新市園區,台南市,新市區,28.0,0,28.0,低價位,0,0,0,0,0,0,0,0,無資料,0.0%,0.0%,競爭者少,0,0,-,-,0,0,價格相當,0.0,0
USPACE中茂新天地,桃園市,桃園區,45.714285714285715,0,45.714285714285715,中低價位,0,0,0,0,0,0,0,0,無資料,0.0%,0.0%,競爭者少,0,0,-,-,0,0,價格相當,0.0,0
道周醫院(和善路89號),彰化縣,和美鎮,20.0,0,20.0,低價位,0,0,0,0,0,0,0,0,無資料,0.0%,0.0%,競爭者少,0,0,-,-,0,0,價格相當,0.0,0
歌林大廈Sogo精華車位2.0,台北市,大安區,75.71428571428571,10.0,75.71428571428571,中價位,220,41401,52,48,32,58,26,4,81-120元,45.5%,13.6%,競爭適中,126.7,77.59,120.25,7493.4,-40.24,-2.42,明顯較便宜,7.78,0.14
吉祥公園鄰近車位,台北市,松山區,0,0,0,低價位,182,36562,47,38,26,55,12,4,81-120元,46.7%,8.8%,競爭適中,115.6,72.69,110.33,7110.39,0,0,價格相當,6.44,0.16
大曜智泊大里街車位,台中市,大里區,10.0,0,10.0,低價位,0,0,0,0,0,0,0,0,無資料,0.0%,0.0%,競爭者少,0,0,-,-,0,0,價格相當,0.0,0
桃園南平永安車位,桃園市,寶安里,32.857142857142854,8.0,32.857142857142854,中低價位,0,0,0,0,0,0,0,0,無資料,0.0%,0.0%,競爭者少,0,0,-,-,0,0,價格相當,0.0,0
秀朗路三段車位,新北市,中和區,50.0,0,50.0,中低價位,146,23960,49,34,47,12,1,3,0-30元,56.8%,2.7%,競爭適中,72.16,57.0,71.16,5000.0,-30.71,-12.28,明顯較便宜,5.17,0.34
內湖TI大樓,台北市,內湖區,25.0,0,25.0,低價位,70,12637,27,13,15,12,2,1,0-30元,57.1%,4.3%,競爭適中,91.79,55.07,90.14,4969.84,-72.76,-54.6,明顯較便宜,2.48,0.48
一元堂鄰近車位,台北市,松山區,35.714285714285715,0,35.714285714285715,中低價位,172,34877,42,34,26,54,12,4,81-120元,44.2%,9.3%,競爭適中,119.77,74.36,115.29,7144.18,-70.18,-51.97,明顯較便宜,6.09,0.2
貓牛瑜伽車位(榮星羊雞城旁),台北市,中山區,30.0,10.0,30.0,低價位,159,26937,38,44,25,27,21,4,31-50元,51.6%,15.7%,競爭適中,142.2,74.5,135.92,6938.49,-78.9,-59.73,明顯較便宜,5.63,0.32
板橋車站鄰近車位,新北市,板橋區,40.0,0,40.0,中低價位,198,28984,78,35,67,16,1,1,0-30元,57.1%,1.0%,競爭適中,65.38,52.54,64.7,4913.48,-38.82,-23.86,明顯較便宜,7.01,0.33
萬華德昌街精華車位,台北市,萬華區,40.0,0,40.0,中低價位,159,29174,44,39,52,17,6,1,51-80元,52.2%,4.4%,競爭適中,72.58,58.73,71.32,5571.07,-44.89,-31.9,明顯較便宜,5.63,0.43
南山新市園區C棟,台南市,新市區,28.0,0,28.0,低價位,0,0,0,0,0,0,0,0,無資料,0.0%,0.0%,競爭者少,0,0,-,-,0,0,價格相當,0.0,0
合作金庫林口分行前方車位,桃園市,龜山區,28.0,10.0,28.0,低價位,71,9521,16,15,30,10,0,0,51-80元,43.7%,0.0%,競爭適中,60.92,59.79,60.14,5425.86,-54.03,-53.17,明顯較便宜,2.51,1.17
歌林大廈Sogo地下車位,台北市,大安區,75.71428571428571,10.0,75.71428571428571,中價位,220,41401,52,48,32,58,26,4,81-120元,45.5%,13.6%,競爭適中,126.7,77.59,120.25,7493.4,-40.24,-2.42,明顯較便宜,7.78,0.13
鎮三街鄰近車位,桃園市,桃園區,18.0,0,18.0,低價位,0,0,0,0,0,0,0,0,無資料,0.0%,0.0%,競爭者少,0,0,-,-,0,0,價格相當,0.0,0
新店中正路車位,新北市,新店區,30.0,0,30.0,低價位,106,15978,40,28,26,8,1,3,0-30元,64.2%,3.8%,低價競爭激烈,70.66,56.75,69.86,4721.05,-57.54,-47.13,明顯較便宜,3.75,0.03
浦城街精華車位,台北市,大安區,77.14285714285714,0,77.14285714285714,中價位,161,28142,47,36,32,28,16,2,0-30元,51.6%,11.2%,競爭適中,89.57,71.56,86.09,6318.86,-13.87,7.8,稍微便宜,5.7,0.25
天母棒球場德行東路車位,台北市,士林區,28.0,0,28.0,低價位,47,8574,11,22,7,5,0,2,31-50元,70.2%,4.3%,低價競爭激烈,190.85,48.62,185.43,6496.97,-85.33,-42.41,明顯較便宜,1.66,0.42
西苑二街鄰近車位(柵欄外)(月租),台中市,西屯區,0,0,0,低價位,0,0,0,0,0,0,0,0,無資料,0.0%,0.0%,競爭者少,0,0,-,-,0,0,價格相當,0.0,0
潮州街月租車位,台北市,大安區,0,0,0,低價位,187,33391,51,43,33,36,21,3,0-30元,50.3%,12.8%,競爭適中,118.8,74.14,113.93,6681.31,0,0,價格相當,6.62,0.17
龜吼萬里聽濤驛站,新北市,萬里區,24.285714285714285,0,24.285714285714285,低價位,5,635,3,1,1,0,0,0,0-30元,80.0%,0.0%,低價競爭激烈,39.0,39.0,39.0,1425.0,-37.73,-37.73,明顯較便宜,0.18,0.35
仁愛金山南路車位,台北市,中正區,0,0,0,低價位,207,33879,50,56,29,42,27,3,31-50元,51.2%,14.5%,競爭適中,116.69,75.61,110.48,7036.24,0,0,價格相當,7.32,0.2
內湖民權東路六段280巷月租車位,台北市,內湖區,28.0,0,28.0,低價位,73,15933,28,15,15,11,3,1,0-30元,58.9%,5.5%,競爭適中,89.86,54.73,88.4,5084.06,-68.84,-48.84,明顯較便宜,2.58,0.31
忠孝敦化地下車位(上通),台北市,大安區,61.42857142857143,0,61.42857142857143,中價位,199,36287,51,39,28,52,26,3,81-120元,45.2%,14.6%,競爭適中,105.68,78.87,99.15,7438.12,-41.87,-22.11,明顯較便宜,7.04,0.18
凱恩斯牛排(公益店),台中市,南屯區,30.0,10.0,30.0,低價位,0,0,0,0,0,0,0,0,無資料,0.0%,0.0%,競爭者少,0,0,-,-,0,0,價格相當,0.0,0
梧棲大仁停車場,台中市,梧棲區,80.0,0,80.0,中價位,0,0,0,0,0,0,0,0,無資料,0.0%,0.0%,競爭者少,0,0,-,-,0,0,價格相當,0.0,0
逢明街29巷車位,台中市,西屯區,22.857142857142858,10.0,22.857142857142858,低價位,0,0,0,0,0,0,0,0,無資料,0.0%,0.0%,競爭者少,0,0,-,-,0,0,價格相當,0.0,0
積穗國中鄰近車位,新北市,中和區,30.0,0,30.0,低價位,167,30117,53,40,58,15,1,0,51-80元,55.7%,0.6%,競爭適中,55.12,54.1,54.25,4993.84,-45.57,-44.55,明顯較便宜,5.91,0.34
康茵行旅民權街車位,台中市,烏日區,20.0,0,20.0,低價位,0,0,0,0,0,0,0,0,無資料,0.0%,0.0%,競爭者少,0,0,-,-,0,0,價格相當,0.0,0
Howard's Bike車位,台北市,松山區,50.0,0,50.0,中低價位,201,40703,57,40,29,51,21,3,0-30元,48.3%,11.9%,競爭適中,100.92,74.15,94.92,7081.82,-50.46,-32.57,明顯較便宜,7.11,0.27
平安公園鄰近車位,台北市,大安區,50.0,0,50.0,中低價位,175,31137,41,39,26,48,20,1,81-120元,45.7%,12.0%,競爭適中,83.83,78.06,78.14,7451.48,-40.35,-35.94,明顯較便宜,6.19,0.05
USPACE中油福林站二場,台北市,士林區,45.714285714285715,0,45.714285714285715,中低價位,72,12414,23,27,9,8,3,2,31-50元,69.4%,6.9%,低價競爭激烈,145.54,52.21,142.26,5945.76,-68.59,-12.44,明顯較便宜,2.55,0.19
65高地停車場,基隆市,中正區,64.28571428571429,0,64.28571428571429,中價位,4,1263,3,1,0,0,0,0,0-30元,100.0%,0.0%,低價競爭激烈,28.75,26.25,28.75,3000.0,123.6,144.9,明顯較貴,0.14,1.34
松江民生車位,台北市,中山區,137.14285714285714,40.0,137.14285714285714,高價位,179,28358,46,49,28,33,19,4,31-50元,53.1%,12.8%,競爭適中,131.9,71.87,125.34,6876.4,3.98,90.82,價格相當,6.33,0.28
台視臨近車位(寧安街),台北市,松山區,50.0,0,50.0,中低價位,196,39450,51,40,31,50,21,3,0-30元,46.4%,12.2%,競爭適中,102.81,75.38,96.54,7115.4,-51.36,-33.67,明顯較便宜,6.94,0.02
合江街69巷車位(越南河粉巷弄),台北市,中山區,37.142857142857146,0,37.142857142857146,中低價位,183,31274,43,50,29,34,23,4,31-50元,50.8%,14.8%,競爭適中,133.39,74.4,126.62,7247.61,-72.15,-50.08,明顯較便宜,6.48,0.12
遼寧二街鄰近車位,高雄市,三民區,30.0,0,30.0,低價位,0,0,0,0,0,0,0,0,無資料,0.0%,0.0%,競爭者少,0,0,-,-,0,0,價格相當,0.0,0
莊敬高職鄰近車位,新北市,永和區,70.57142857142857,0,70.57142857142857,中價位,142,26518,47,40,32,16,6,1,0-30元,61.3%,4.9%,低價競爭激烈,70.42,54.96,67.68,5470.46,0.21,28.39,價格相當,5.02,0.11
洛陽路111巷,台中市,西屯區,0,0,0,低價位,0,0,0,0,0,0,0,0,無資料,0.0%,0.0%,競爭者少,0,0,-,-,0,0,價格相當,0.0,0
豐原源豐路車位,台中市,豐原區,0,0,0,低價位,0,0,0,0,0,0,0,0,無資料,0.0%,0.0%,競爭者少,0,0,-,-,0,0,價格相當,0.0,0
永康街7巷車位,台北市,大安區,112.85714285714286,0,112.85714285714286,中高價位,205,31951,47,50,32,44,29,3,31-50元,47.3%,15.6%,競爭適中,119.93,78.48,114.2,7208.7,-5.89,43.8,稍微便宜,7.25,0.07
板橋海山郵局後巷車位,新北市,板橋區,0,0,0,低價位,207,32928,84,42,67,13,1,0,0-30元,60.9%,0.5%,低價競爭激烈,50.94,50.17,50.14,4833.33,0,0,價格相當,7.32,0.14
信義GD車位,台北市,信義區,60.0,0,60.0,中價位,162,31772,44,37,20,43,16,2,0-30元,50.0%,11.1%,競爭適中,88.02,74.72,82.78,7324.49,-31.84,-19.7,明顯較便宜,5.73,0.18
中崙新村車位,台北市,松山區,50.0,0,50.0,中低價位,191,39261,54,40,25,52,17,3,0-30元,49.2%,10.5%,競爭適中,101.02,72.96,94.84,7111.79,-50.51,-31.47,明顯較便宜,6.76,0.22
中吉公園鄰近車位,台北市,中山區,50.0,0,50.0,中低價位,186,31103,48,50,29,33,22,4,31-50元,52.7%,14.0%,競爭適中,130.24,72.47,123.24,6983.76,-61.61,-31.01,明顯較便宜,6.58,0.17
南京光復鄰近車位,台北市,松山區,40.0,10.0,40.0,中低價位,194,38726,53,38,29,54,16,4,81-120元,46.9%,10.3%,競爭適中,113.56,73.22,107.95,7086.2,-64.78,-45.37,明顯較便宜,6.86,0.25
C10世正經貿大樓(B1機車區),台北市,南港區,30.0,0,30.0,低價位,68,15405,25,15,14,11,3,0,0-30元,58.8%,4.4%,競爭適中,56.76,55.81,55.15,5113.11,-47.15,-46.25,明顯較便宜,2.41,0.13
伯爵山莊車位(圓環右側),新北市,汐止區,0,0,0,低價位,60,7019,16,12,26,4,1,1,51-80元,46.7%,3.3%,競爭適中,79.5,55.25,78.83,4976.36,0,0,價格相當,2.12,0.51
北車YMCA前方車位,台北市,中正區,70.0,0,70.0,中價位,194,30966,60,50,26,34,22,2,0-30元,56.7%,12.4%,競爭適中,104.1,71.7,98.13,6772.33,-32.76,-2.37,明顯較便宜,6.86,0.18
全球科技廣場月租車位,台北市,內湖區,28.0,0,28.0,低價位,111,21676,42,22,19,23,3,2,0-30元,57.7%,4.5%,競爭適中,91.08,56.85,88.87,5738.63,-69.26,-50.74,明顯較便宜,3.93,0.1
長庚醫院後方車位,台北市,松山區,40.0,20.0,40.0,中低價位,190,37785,42,39,29,51,25,4,81-120元,42.6%,15.3%,競爭適中,137.58,80.55,131.38,7414.59,-70.93,-50.34,明顯較便宜,6.72,0.09
NAGONAGO寵物友善餐廳,台中市,北屯區,30.0,0,30.0,低價位,0,0,0,0,0,0,0,0,無資料,0.0%,0.0%,競爭者少,0,0,-,-,0,0,價格相當,0.0,0
聯合報車位,台北市,信義區,50.0,10.0,50.0,中低價位,172,35657,48,37,21,50,13,3,81-120元,49.4%,9.3%,競爭適中,103.55,72.41,98.02,7135.49,-51.71,-30.95,明顯較便宜,6.09,0.08
西門成都路鄰近車位,台北市,萬華區,40.0,10.0,40.0,中低價位,180,28516,59,48,35,20,17,1,0-30元,59.4%,10.0%,競爭適中,92.47,61.53,89.25,6155.79,-56.74,-34.99,明顯較便宜,6.37,0.21
建國錦州街車位,台北市,中山區,35.714285714285715,10.0,35.714285714285715,中低價位,174,28694,42,48,28,31,21,4,31-50元,51.7%,14.4%,競爭適中,135.23,73.36,128.82,7102.11,-73.59,-51.32,明顯較便宜,6.16,0.11
天母棒球場鄰近車位,台北市,士林區,24.285714285714285,10.0,24.285714285714285,低價位,46,8528,11,22,6,5,0,2,31-50元,71.7%,4.3%,低價競爭激烈,193.7,48.37,188.15,6496.97,-87.46,-49.79,明顯較便宜,1.63,0.34
USPACE中油福林站一場（太古福斯汽車）,台北市,士林區,0,0,0,低價位,0,0,0,0,0,0,0,0,無資料,0.0%,0.0%,競爭者少,0,0,-,-,0,0,價格相當,0.0,0
永和耕莘醫院停車場(戶外地鎖車位),新北市,永和區,42.857142857142854,0,42.857142857142854,中低價位,133,24330,43,35,34,15,5,1,0-30元,58.6%,4.5%,競爭適中,71.88,55.38,70.0,5261.85,-40.38,-22.61,明顯較便宜,4.71,0.06
國聖街鄰近車位,台南市,永康區,20.0,0,20.0,低價位,0,0,0,0,0,0,0,0,無資料,0.0%,0.0%,競爭者少,0,0,-,-,0,0,價格相當,0.0,0
仁愛圓環鄰近車位,台北市,大安區,80.0,10.0,80.0,中價位,207,37511,51,46,28,54,25,3,81-120元,46.9%,13.5%,競爭適中,103.29,77.51,96.86,7483.17,-22.54,3.21,明顯較便宜,7.32,0.18
研究院路停車場,台北市,南港區,30.0,0,30.0,低價位,61,13994,25,13,12,8,3,0,0-30元,62.3%,4.9%,低價競爭激烈,54.59,53.52,53.08,4964.91,-45.05,-43.95,明顯較便宜,2.16,0.29
新竹勝利九街柴比餐飲,新竹縣,竹北市,22.857142857142858,0,22.857142857142858,低價位,0,0,0,0,0,0,0,0,無資料,0.0%,0.0%,競爭者少,0,0,-,-,0,0,價格相當,0.0,0
蘆洲享宴精華車位,新北市,蘆洲區,32.857142857142854,0,32.857142857142854,中低價位,142,17299,60,24,49,9,0,0,0-30元,59.2%,0.0%,競爭適中,50.38,48.83,49.14,5108.91,-34.78,-32.71,明顯較便宜,5.02,0.1
大安高工鄰近車位（朝代金站大樓後方）,台北市,大安區,40.0,10.0,40.0,中低價位,185,33716,43,43,27,49,22,1,81-120元,46.5%,12.4%,競爭適中,83.51,78.05,77.81,7320.7,-52.1,-48.75,明顯較便宜,6.55,0.23
捷運七張站車位(寶強路),新北市,新店區,60.0,28.0,60.0,中價位,103,16399,45,23,25,6,1,3,0-30元,66.0%,3.9%,低價競爭激烈,69.03,54.76,68.01,4745.16,-13.08,9.57,稍微便宜,3.64,0.29
晴光市場旁車位(柵欄外),台北市,中山區,80.0,20.0,80.0,中價位,178,27818,48,48,28,32,19,3,0-30元,53.9%,12.4%,競爭適中,124.86,70.98,119.41,6649.17,-35.93,12.7,明顯較便宜,6.3,0.02
啄木鳥林口店,新北市,林口區,20.0,6.0,20.0,低價位,91,10483,26,15,39,11,0,0,51-80元,45.1%,0.0%,競爭適中,58.19,57.09,57.58,5136.36,-65.63,-64.97,明顯較便宜,3.22,0.12
敦化和平精華車位,台北市,大安區,50.0,30.0,50.0,中低價位,154,29108,42,38,19,39,15,1,0-30元,51.9%,10.4%,競爭適中,79.45,73.86,73.54,6949.92,-37.07,-32.31,明顯較便宜,5.45,0.15
遠企旁精華車位,台北市,大安區,50.0,20.0,50.0,中低價位,154,28794,42,36,19,41,15,1,0-30元,50.6%,10.4%,競爭適中,80.68,75.13,74.77,7148.36,-38.03,-33.45,明顯較便宜,5.45,0.06
何厝街車位,台中市,西屯區,45.714285714285715,40.0,45.714285714285715,中低價位,0,0,0,0,0,0,0,0,無資料,0.0%,0.0%,競爭者少,0,0,-,-,0,0,價格相當,0.0,0
永和耕莘醫院鄰近車位,新北市,永和區,44.285714285714285,10.0,44.285714285714285,中低價位,130,24188,43,34,33,14,5,1,0-30元,59.2%,4.6%,競爭適中,71.92,55.08,70.0,5120.25,-38.43,-19.59,明顯較便宜,4.6,0.12
成功三街鄰近車位,台南市,仁德區,20.0,0,20.0,低價位,0,0,0,0,0,0,0,0,無資料,0.0%,0.0%,競爭者少,0,0,-,-,0,0,價格相當,0.0,0
立嘉成,台中市,神岡區,0,0,0,低價位,0,0,0,0,0,0,0,0,無資料,0.0%,0.0%,競爭者少,0,0,-,-,0,0,價格相當,0.0,0
淡水梨花大苑旁車位,新北市,淡水區,32.857142857142854,0,32.857142857142854,中低價位,38,3659,6,10,14,8,0,0,51-80元,42.1%,0.0%,競爭適中,64.87,61.32,64.74,5314.81,-49.35,-46.41,明顯較便宜,1.34,0.03
農安街精華車位,台北市,中山區,50.0,28.0,50.0,中低價位,165,26071,40,45,27,30,19,4,31-50元,51.5%,13.9%,競爭適中,138.58,73.36,132.47,6889.4,-63.92,-31.85,明顯較便宜,5.84,0.1
光復南路260巷7號旁車位,台北市,大安區,54.285714285714285,0,54.285714285714285,中價位,185,36602,52,40,23,48,19,3,0-30元,49.7%,11.9%,競爭適中,103.35,74.54,97.24,7205.96,-47.47,-27.17,明顯較便宜,6.55,0.07
新莊思源路370巷車位,新北市,新莊區,30.0,0,30.0,低價位,224,26578,94,39,74,14,2,1,0-30元,59.4%,1.3%,競爭適中,62.03,50.18,61.0,4745.32,-51.64,-40.21,明顯較便宜,7.93,0.01
伯爵山莊車位(社區後巷),新北市,汐止區,0,0,0,低價位,60,7019,16,12,26,4,1,1,51-80元,46.7%,3.3%,競爭適中,79.5,55.25,78.83,4976.36,0,0,價格相當,2.12,0.51
中正紀念堂鄰近車位,台北市,大安區,35.0,0,35.0,中低價位,197,32707,48,49,32,41,24,3,31-50元,49.2%,13.7%,競爭適中,118.98,76.76,113.05,7030.21,-70.58,-54.4,明顯較便宜,6.97,0.47
時代通商大樓,台北市,大安區,78.57142857142857,0,78.57142857142857,中價位,194,37788,55,40,25,49,22,3,0-30元,49.0%,12.9%,競爭適中,102.96,75.41,96.73,7188.53,-23.69,4.19,明顯較便宜,6.86,0.17
國父紀念館車位(光復南路421巷),台北市,信義區,40.0,0,40.0,中低價位,171,34233,49,37,21,45,16,3,0-30元,50.3%,11.1%,競爭適中,104.44,73.25,99.01,7277.1,-61.7,-45.39,明顯較便宜,6.05,0.2
小捲尾寵物精品美容前方車位,台北市,大安區,90.0,30.0,90.0,中高價位,194,36080,47,43,28,51,22,3,81-120元,46.4%,12.9%,競爭適中,104.56,77.04,98.09,7423.04,-13.93,16.83,稍微便宜,6.86,0.3
衣櫥餐酒前方車位,台北市,大安區,78.57142857142857,10.0,78.57142857142857,中價位,210,38082,53,43,30,55,26,3,81-120元,45.7%,13.8%,競爭適中,103.38,77.93,96.84,7485.9,-24.0,0.82,明顯較便宜,7.43,0.25
九份國小車位,新北市,瑞芳區,31.428571428571427,5.0,31.428571428571427,中低價位,2,61,0,0,0,0,1,1,121-200元,0.0%,100.0%,高價市場,275.0,250.0,275.0,10000.0,-88.57,-87.43,明顯較便宜,0.07,0.63
三峽老街中山路車位,新北市,三峽區,40.0,0,40.0,中低價位,79,5277,18,19,36,4,2,0,51-80元,46.8%,2.5%,競爭適中,59.75,58.35,59.75,5000.68,-33.05,-31.45,明顯較便宜,2.8,0.06
敦化北路車位(法蘭司麵包店旁),台北市,松山區,30.0,0,30.0,低價位,194,37838,42,39,32,52,25,4,81-120元,41.8%,14.9%,競爭適中,135.93,80.08,129.9,7443.81,-77.93,-62.54,明顯較便宜,6.86,0.18
宏達僑中三場,新北市,板橋區,20.0,0,20.0,低價位,174,24067,81,22,60,10,0,1,0-30元,59.2%,0.6%,競爭適中,63.91,48.67,63.48,4668.32,-68.71,-58.91,明顯較便宜,6.16,0.24
復興市民精華車位,台北市,大安區,52.857142857142854,0,52.857142857142854,中價位,225,41418,53,50,32,58,28,4,81-120元,45.8%,14.2%,競爭適中,125.71,77.69,119.4,7545.92,-57.95,-31.96,明顯較便宜,7.96,0.22
南京復興鄰近車位,台北市,松山區,52.857142857142854,0,52.857142857142854,中價位,203,38265,44,46,32,51,26,4,81-120元,44.3%,14.8%,競爭適中,132.0,78.82,125.12,7605.58,-59.96,-32.94,明顯較便宜,7.18,0.18
USPACE正大樂富停車場,台北市,北投區,40.0,0,40.0,中低價位,69,11322,26,25,10,5,1,2,0-30元,73.9%,4.3%,低價競爭激烈,142.74,45.64,138.09,5781.48,-71.98,-12.35,明顯較便宜,2.44,0.23
三德大飯店(後側),台北市,大同區,40.0,0,40.0,中低價位,181,27737,54,48,32,26,19,2,0-30元,56.4%,11.6%,競爭適中,113.31,65.08,108.69,6407.68,-64.7,-38.54,明顯較便宜,6.4,0.27
復興路二段99巷停車場,台中市,南區,40.0,10.0,40.0,中低價位,0,0,0,0,0,0,0,0,無資料,0.0%,0.0%,競爭者少,0,0,-,-,0,0,價格相當,0.0,0
USPACE湯城園區停車場(汽車),新北市,三重區,30.0,0,30.0,低價位,243,30155,101,44,79,17,2,0,0-30元,59.7%,0.8%,競爭適中,51.4,50.49,50.45,4859.38,-41.63,-40.59,明顯較便宜,8.6,0.06
社子市場鄰近車位,台北市,士林區,20.0,0,20.0,低價位,95,13578,40,27,21,5,1,1,0-30元,70.5%,2.1%,低價競爭激烈,64.52,44.46,61.93,5160.24,-69.0,-55.02,明顯較便宜,3.36,0.1
宏泰交易一號廣場,台北市,信義區,65.71428571428571,0,65.71428571428571,中價位,137,29372,32,29,18,45,12,1,81-120元,44.5%,9.5%,競爭適中,82.77,72.19,78.83,7452.3,-20.61,-8.97,明顯較便宜,4.85,0.11
嵜本吐司旁地下月租車位,台北市,信義區,0,0,0,低價位,164,33374,41,34,22,51,13,3,81-120元,45.7%,9.8%,競爭適中,107.62,75.0,102.62,7196.45,0,0,價格相當,5.8,0.18
幸安市場鄰近車位,台北市,中正區,0,0,0,低價位,211,33685,48,50,32,45,33,3,31-50元,46.4%,17.1%,競爭適中,124.93,79.29,118.98,7428.47,0,0,價格相當,7.47,0.36
新店安忠路巷弄月租B場,新北市,新店區,0,0,0,低價位,53,5995,22,14,9,5,0,3,0-30元,67.9%,5.7%,低價競爭激烈,90.28,63.11,89.43,4645.65,0,0,價格相當,1.88,0.08
新生公園內車位 (新生北路×濱江街入口),台北市,中山區,40.0,0,40.0,中低價位,152,22567,44,40,25,23,17,3,0-30元,55.3%,13.2%,競爭適中,130.86,64.97,124.57,6633.46,-69.43,-38.43,明顯較便宜,5.38,0.34
彰化光華街車位,彰化縣,彰化市,0,0,0,低價位,0,0,0,0,0,0,0,0,無資料,0.0%,0.0%,競爭者少,0,0,-,-,0,0,價格相當,0.0,0
建成大廈平面車位,台北市,大安區,88.57142857142857,10.0,88.57142857142857,中高價位,200,36823,50,42,28,52,25,3,81-120元,46.0%,14.0%,競爭適中,104.85,78.15,98.35,7422.35,-15.53,13.34,稍微便宜,7.08,0.21
復興公勇路口鄰近車位,屏東縣,屏東市,20.0,0,20.0,低價位,0,0,0,0,0,0,0,0,無資料,0.0%,0.0%,競爭者少,0,0,-,-,0,0,價格相當,0.0,0
中壢松勇路車位,桃園市,中壢區,28.0,0,28.0,低價位,0,0,0,0,0,0,0,0,無資料,0.0%,0.0%,競爭者少,0,0,-,-,0,0,價格相當,0.0,0
湘誠葡萄酒車位,台北市,大安區,75.71428571428571,0,75.71428571428571,中價位,200,38076,52,43,28,50,24,3,0-30元,47.5%,13.5%,競爭適中,103.4,76.67,96.92,7303.28,-26.78,-1.25,明顯較便宜,7.08,0.18
USPACE 正大竹圍停車場,新北市,淡水區,30.0,10.0,30.0,低價位,14,2225,6,5,2,1,0,0,0-30元,78.6%,0.0%,低價競爭激烈,42.14,41.43,41.43,3271.43,-28.81,-27.59,明顯較便宜,0.5,0.05
伊通公園鄰近車位,台北市,中山區,50.0,30.0,50.0,中低價位,209,33557,50,52,32,41,30,4,31-50元,48.8%,16.3%,競爭適中,128.16,76.58,121.66,7359.8,-60.99,-34.71,明顯較便宜,7.4,0.12
師大禮居月租車位,台北市,大安區,28.0,0,28.0,低價位,174,29721,45,41,32,34,20,2,0-30元,49.4%,12.6%,競爭適中,91.81,75.14,87.16,6528.03,-69.5,-62.74,明顯較便宜,6.16,0.09
USPACE華亞科學園區停車場,桃園市,龜山區,50.0,0,50.0,中低價位,53,9820,15,11,19,8,0,0,51-80元,49.1%,0.0%,競爭適中,58.4,57.83,57.36,5063.04,-14.38,-13.54,稍微便宜,1.88,1.99
內湖文德路鄰近車位,台北市,內湖區,40.0,10.0,40.0,中低價位,71,12405,30,8,16,13,3,1,0-30元,53.5%,5.6%,競爭適中,94.15,58.45,91.41,5207.97,-57.52,-31.57,明顯較便宜,2.51,0.3
福港街鄰近車位,台北市,士林區,28.0,0,28.0,低價位,96,13603,38,28,20,5,4,1,0-30元,68.8%,5.2%,低價競爭激烈,67.91,48.69,65.14,5402.35,-58.77,-42.49,明顯較便宜,3.4,0.22
惠中路超美停車場,台中市,西屯區,32.857142857142854,10.0,32.857142857142854,中低價位,0,0,0,0,0,0,0,0,無資料,0.0%,0.0%,競爭者少,0,0,-,-,0,0,價格相當,0.0,0
羅馬東區地下停車場,台北市,大安區,74.28571428571429,0,74.28571428571429,中價位,200,37052,50,42,28,51,26,3,81-120元,46.0%,14.5%,競爭適中,105.2,78.47,98.7,7395.0,-29.39,-5.34,明顯較便宜,7.08,0.28
興進路與國豐路口車位,台中市,北區,30.0,10.0,30.0,低價位,0,0,0,0,0,0,0,0,無資料,0.0%,0.0%,競爭者少,0,0,-,-,0,0,價格相當,0.0,0
光復北路177巷車位,台北市,松山區,42.857142857142854,0,42.857142857142854,中低價位,178,35172,42,35,35,48,14,4,81-120元,43.3%,10.1%,競爭適中,119.02,75.08,113.31,6940.85,-63.99,-42.92,明顯較便宜,6.3,0.2
應安168信義大安站,台北市,大安區,117.14285714285714,40.0,117.14285714285714,中高價位,188,33757,43,44,28,49,22,2,81-120元,46.3%,12.8%,競爭適中,89.1,77.5,83.38,7307.9,31.48,51.15,明顯較貴,6.65,0.1
民生圓環鄰近車位,台北市,松山區,71.14285714285714,30.0,71.14285714285714,中價位,177,36298,49,30,34,48,12,4,0-30元,44.6%,9.0%,競爭適中,117.03,72.57,111.61,6791.55,-39.21,-1.97,明顯較便宜,6.26,0.11
USPACE民權社區停車場,台北市,松山區,60.0,28.0,60.0,中價位,157,28083,38,34,24,36,21,4,0-30元,45.9%,15.9%,競爭適中,147.36,78.47,141.79,7360.9,-59.28,-23.54,明顯較便宜,5.56,0.16
瑞光場,台北市,內湖區,28.0,0,28.0,低價位,96,17926,36,18,19,19,3,1,0-30元,56.2%,4.2%,競爭適中,84.38,57.14,82.34,5597.47,-66.81,-50.99,明顯較便宜,3.4,0.12
福悠停車場一場,台中市,西屯區,55.714285714285715,30.0,55.714285714285715,中價位,0,0,0,0,0,0,0,0,無資料,0.0%,0.0%,競爭者少,0,0,-,-,0,0,價格相當,0.0,0
民權社區B1戶外車位,台北市,松山區,50.0,0,50.0,中低價位,156,27864,38,33,24,36,21,4,0-30元,45.5%,16.0%,競爭適中,147.92,78.59,142.26,7376.79,-66.2,-36.38,明顯較便宜,5.52,0.1
社子通河西街二段29號旁車位,台北市,士林區,20.0,0,20.0,低價位,91,12964,37,28,19,5,1,1,0-30元,71.4%,2.2%,低價競爭激烈,65.43,45.26,62.73,5292.91,-69.43,-55.81,明顯較便宜,3.22,0.09
巴克禮和睦居,台南市,東區,20.0,0,20.0,低價位,0,0,0,0,0,0,0,0,無資料,0.0%,0.0%,競爭者少,0,0,-,-,0,0,價格相當,0.0,0
忠孝東路251巷車位,台北市,大安區,40.0,30.0,40.0,中低價位,222,40808,54,49,31,54,30,4,0-30元,46.4%,15.3%,競爭適中,126.87,78.27,120.43,7379.49,-68.47,-48.89,明顯較便宜,7.86,0.1
金馬彰美(吾所飾室)停車格,彰化縣,彰化市,20.0,10.0,20.0,低價位,0,0,0,0,0,0,0,0,無資料,0.0%,0.0%,競爭者少,0,0,-,-,0,0,價格相當,0.0,0
USPACE新莊中央二場,新北市,新莊區,60.0,0,60.0,中價位,179,21296,79,28,58,12,2,0,0-30元,59.8%,1.1%,競爭適中,50.64,49.69,49.53,4599.39,18.48,20.74,稍微較貴,6.33,0.07
潮州古亭站,台北市,大安區,42.857142857142854,10.0,42.857142857142854,中低價位,185,33620,50,42,33,37,20,3,0-30元,49.7%,12.4%,競爭適中,119.3,74.16,114.51,6683.67,-64.08,-42.21,明顯較便宜,6.55,0.15
頂好名店城二場(大安路一段75巷),台北市,大安區,78.57142857142857,10.0,78.57142857142857,中價位,208,37509,52,42,30,55,26,3,81-120元,45.2%,13.9%,競爭適中,103.99,78.29,97.49,7516.6,-24.44,0.36,明顯較便宜,7.36,0.23
優境里寧停車位,台中市,南屯區,10.714285714285714,0,10.714285714285714,低價位,0,0,0,0,0,0,0,0,無資料,0.0%,0.0%,競爭者少,0,0,-,-,0,0,價格相當,0.0,0
沙鹿東晉一街車位,台中市,沙鹿區,30.0,0,30.0,低價位,0,0,0,0,0,0,0,0,無資料,0.0%,0.0%,競爭者少,0,0,-,-,0,0,價格相當,0.0,0
徐匯中學臨近車位,新北市,蘆洲區,30.0,0,30.0,低價位,150,18055,60,26,55,9,0,0,0-30元,57.3%,0.0%,競爭適中,51.0,49.6,49.57,4925.0,-41.18,-39.52,明顯較便宜,5.31,0.22
唐采文具民權育德車位,台中市,北區,30.0,10.0,30.0,低價位,0,0,0,0,0,0,0,0,無資料,0.0%,0.0%,競爭者少,0,0,-,-,0,0,價格相當,0.0,0
蘆洲環堤大道月租車位,新北市,蘆洲區,0,0,0,低價位,88,7756,38,12,32,6,0,0,0-30元,56.8%,0.0%,競爭適中,50.68,49.72,48.98,4954.27,0,0,價格相當,3.11,0.35
士林夜市鄰近車位,台北市,士林區,40.0,0,40.0,中低價位,97,14379,40,29,15,5,7,1,0-30元,71.1%,8.2%,低價競爭激烈,69.94,50.92,66.54,5465.88,-42.81,-21.44,明顯較便宜,3.43,0.28
湖光國宅22巷車位,台北市,內湖區,30.0,0,30.0,低價位,80,13974,32,10,17,16,4,1,0-30元,52.5%,6.2%,競爭適中,92.69,60.94,89.88,5753.15,-67.63,-50.77,明顯較便宜,2.83,0.22
西苑二街鄰近車位,台中市,西屯區,60.0,0,60.0,中價位,0,0,0,0,0,0,0,0,無資料,0.0%,0.0%,競爭者少,0,0,-,-,0,0,價格相當,0.0,0
客家廚房車位,台北市,松山區,80.0,0,80.0,中價位,194,36774,44,42,30,49,25,4,81-120元,44.3%,14.9%,競爭適中,134.25,78.45,127.77,7497.61,-40.41,1.97,明顯較便宜,6.86,0.08
西區均安街車位,台中市,西區,40.0,20.0,40.0,中低價位,0,0,0,0,0,0,0,0,無資料,0.0%,0.0%,競爭者少,0,0,-,-,0,0,價格相當,0.0,0
民生圓環建成花園,台北市,松山區,28.0,0,28.0,低價位,178,37342,48,31,33,49,13,4,81-120元,44.4%,9.6%,競爭適中,117.42,73.2,112.5,6807.63,-76.15,-61.75,明顯較便宜,6.3,0.23
臨沂榮譽站,台北市,中正區,42.857142857142854,10.0,42.857142857142854,中低價位,209,34250,47,54,31,44,30,3,31-50元,48.3%,15.8%,競爭適中,118.76,78.1,112.92,7236.26,-63.91,-45.13,明顯較便宜,7.4,0.27
USPACE仁愛帝寶站(B1月租區),台北市,大安區,28.0,0,28.0,低價位,213,36447,45,51,34,47,32,4,31-50元,45.1%,16.9%,競爭適中,130.42,79.77,123.75,7457.39,-78.53,-64.9,明顯較便宜,7.54,0.09
遼寧夜市鄰近車位,台北市,中山區,51.42857142857143,0,51.42857142857143,中價位,205,38060,45,49,29,50,28,4,81-120元,45.9%,15.6%,競爭適中,131.73,79.05,125.07,7490.09,-60.96,-34.94,明顯較便宜,7.25,0.22
USPACE北投晶泉丰旅停車場,台北市,北投區,64.28571428571429,0,64.28571428571429,中價位,31,4325,13,11,3,3,0,1,0-30元,77.4%,3.2%,低價競爭激烈,79.68,60.81,71.61,6095.65,-19.32,5.72,稍微便宜,1.1,0.08
敦富十二街停車位,台中市,北屯區,5.0,0,5.0,低價位,0,0,0,0,0,0,0,0,無資料,0.0%,0.0%,競爭者少,0,0,-,-,0,0,價格相當,0.0,0
舒服生活咖啡廳絕美車位,台北市,大安區,55.714285714285715,30.0,55.714285714285715,中價位,174,31120,40,39,25,48,20,2,81-120元,45.4%,12.6%,競爭適中,90.63,78.1,84.97,7448.78,-38.53,-28.67,明顯較便宜,6.16,0.1
石牌路二段357巷車位,台北市,北投區,20.0,10.0,20.0,低價位,49,7949,19,20,5,3,0,2,31-50元,79.6%,4.1%,低價競爭激烈,166.73,54.59,161.63,6272.97,-88.0,-63.36,明顯較便宜,1.73,0.45
USPACE 正大竹圍後棟(月租專區),新北市,淡水區,0,0,0,低價位,14,2225,6,5,2,1,0,0,0-30元,78.6%,0.0%,低價競爭激烈,42.14,41.43,41.43,3271.43,0,0,價格相當,0.5,0.01
桃園忠勇二街月租車位(柵欄外),桃園市,八德區,28.0,0,28.0,低價位,5,172,1,0,4,0,0,0,51-80元,20.0%,0.0%,競爭者少,66.0,66.0,66.0,6600.0,-57.58,-57.58,明顯較便宜,0.18,2.67
USPACE國家企業中心 B3月租區,台北市,松山區,28.0,0,28.0,低價位,178,35917,47,34,27,55,11,4,81-120元,45.5%,8.4%,競爭適中,116.74,72.87,111.63,7089.8,-76.02,-61.57,明顯較便宜,6.3,0.29
林口來來亭力行場,新北市,林口區,20.0,0,20.0,低價位,91,10483,26,15,39,11,0,0,51-80元,45.1%,0.0%,競爭適中,58.19,57.09,57.58,5136.36,-65.63,-64.97,明顯較便宜,3.22,0.04
麥帥一橋旁月租車位(明華南京),台北市,松山區,28.0,0,28.0,低價位,161,33682,37,31,28,51,10,4,81-120元,42.2%,8.7%,競爭適中,122.92,74.01,118.94,7002.87,-77.22,-62.17,明顯較便宜,5.7,0.11
道周醫院(側門),彰化縣,和美鎮,20.0,20.0,20.0,低價位,0,0,0,0,0,0,0,0,無資料,0.0%,0.0%,競爭者少,0,0,-,-,0,0,價格相當,0.0,0
信義四維精華車位,台北市,大安區,54.285714285714285,10.0,54.285714285714285,中價位,179,31062,42,41,27,47,21,1,81-120元,46.4%,12.3%,競爭適中,83.46,77.79,77.74,7297.11,-34.96,-30.22,明顯較便宜,6.33,0.18
中和中山路車位,新北市,中和區,35.0,0,35.0,中低價位,159,29749,47,47,48,14,2,1,51-80元,59.1%,1.9%,競爭適中,67.23,52.85,66.29,5129.02,-47.94,-33.77,明顯較便宜,5.63,0.2
中南大廈,台北市,大安區,42.857142857142854,10.0,42.857142857142854,中低價位,205,37218,48,46,30,53,25,3,81-120元,45.9%,13.7%,競爭適中,103.93,77.9,97.83,7385.26,-58.76,-44.99,明顯較便宜,7.25,0.09
潭子勝利五街停車位,台中市,潭子區,0,0,0,低價位,0,0,0,0,0,0,0,0,無資料,0.0%,0.0%,競爭者少,0,0,-,-,0,0,價格相當,0.0,0
國興社區戶外車位,台北市,萬華區,29.714285714285715,0,29.714285714285715,低價位,148,29993,47,36,35,20,9,1,0-30元,56.1%,6.8%,競爭適中,74.36,59.52,71.42,5796.1,-60.04,-50.08,明顯較便宜,5.24,0.14
禾榮仁春停車場,高雄市,仁武區,20.0,0,20.0,低價位,0,0,0,0,0,0,0,0,無資料,0.0%,0.0%,競爭者少,0,0,-,-,0,0,價格相當,0.0,0
中山北路車位(吉松日本料理旁),台北市,中山區,44.285714285714285,10.0,44.285714285714285,中低價位,179,27700,46,45,30,35,20,3,0-30元,50.8%,12.8%,競爭適中,127.01,73.46,121.71,6862.59,-65.13,-39.72,明顯較便宜,6.33,0.16
富邦高雄金融中心,高雄市,新興區,28.0,0,28.0,低價位,0,0,0,0,0,0,0,0,無資料,0.0%,0.0%,競爭者少,0,0,-,-,0,0,價格相當,0.0,0
極美山莊富山路車位,台北市,文山區,22.857142857142858,0,22.857142857142858,低價位,95,17923,40,22,26,6,1,0,0-30元,65.3%,1.1%,低價競爭激烈,47.63,47.0,45.63,4819.52,-52.01,-51.37,明顯較便宜,3.36,0.2
安和路兆豐銀行鄰近車位,台北市,大安區,58.57142857142857,20.0,58.57142857142857,中價位,159,29008,37,37,23,44,17,1,81-120元,46.5%,11.3%,競爭適中,83.87,77.61,77.96,7454.47,-30.16,-24.53,明顯較便宜,5.63,0.08
三德大飯店(右側),台北市,大同區,40.0,0,40.0,中低價位,180,27615,55,48,31,25,19,2,0-30元,57.2%,11.7%,競爭適中,113.22,64.72,108.58,6383.5,-64.67,-38.2,明顯較便宜,6.37,0.24
大安森林公園(近新生南路),台北市,大安區,71.42857142857143,0,71.42857142857143,中價位,197,33761,45,50,30,42,28,2,31-50元,48.2%,15.2%,競爭適中,111.29,78.43,105.13,7254.32,-35.82,-8.92,明顯較便宜,6.97,0.29
明輝商業大樓1F平面車位,台北市,中山區,50.0,0,50.0,中低價位,195,36450,43,48,29,46,25,4,31-50元,46.7%,14.9%,競爭適中,133.21,77.82,126.37,7525.55,-62.46,-35.75,明顯較便宜,6.9,0.15
大安區寵物生活館車位,台北市,大安區,60.0,30.0,60.0,中價位,196,36344,48,43,29,51,22,3,81-120元,46.4%,12.8%,競爭適中,103.83,76.56,97.55,7438.38,-42.21,-21.63,明顯較便宜,6.94,0.27
松山八德路易莎車位,台北市,南港區,34.285714285714285,0,34.285714285714285,中低價位,121,29437,33,25,19,34,8,2,81-120元,47.9%,8.3%,競爭適中,98.31,66.82,94.96,6530.09,-65.12,-48.69,明顯較便宜,4.28,0.12
合江錦州街鄰近車位,台北市,中山區,50.0,0,50.0,中低價位,174,28458,43,48,27,30,22,4,31-50元,52.3%,14.9%,競爭適中,135.52,73.71,129.1,7092.62,-63.1,-32.16,明顯較便宜,6.16,0.09
馬偕醫院鄰近車位,台北市,中山區,50.0,0,50.0,中低價位,181,27964,48,46,30,34,20,3,0-30元,51.9%,12.7%,競爭適中,125.55,72.6,120.14,6805.95,-60.18,-31.13,明顯較便宜,6.4,0.17
長安國小鄰近車位,台北市,中山區,30.0,0,30.0,低價位,209,33777,47,54,32,42,30,4,31-50元,48.3%,16.3%,競爭適中,128.8,77.25,122.04,7284.88,-76.71,-61.16,明顯較便宜,7.4,0.15
三重安慶街1樓室內車位,新北市,三重區,30.0,0,30.0,低價位,166,23834,75,38,37,14,2,0,0-30元,68.1%,1.2%,低價競爭激烈,47.37,45.96,45.17,4929.26,-36.67,-34.72,明顯較便宜,5.87,0.31
新北市政府行政大樓地下共享停車場(B3),新北市,板橋區,0,0,0,低價位,197,29161,76,38,69,12,1,1,0-30元,57.9%,1.0%,競爭適中,64.7,51.79,64.06,4885.96,0,0,價格相當,6.97,0.18
到場手工洗車訂閱服務,台北市,中山區,0,0,0,低價位,185,31920,44,48,28,37,24,4,31-50元,49.7%,15.1%,競爭適中,133.97,75.62,127.58,7510.29,0,0,價格相當,6.55,0.21
成功郵局鄰近車位,台北市,大安區,60.0,20.0,60.0,中價位,160,31294,44,37,22,39,17,1,0-30元,50.6%,11.2%,競爭適中,80.0,74.56,74.41,6969.58,-25.0,-19.53,明顯較便宜,5.66,0.03
同安國小旁車位,桃園市,桃園區,32.857142857142854,0,32.857142857142854,中低價位,0,0,0,0,0,0,0,0,無資料,0.0%,0.0%,競爭者少,0,0,-,-,0,0,價格相當,0.0,0
USPACE台新人壽大樓,台北市,松山區,50.0,0,50.0,中低價位,183,36284,48,37,29,54,11,4,81-120元,46.4%,8.2%,競爭適中,114.75,72.02,109.32,7045.19,-56.43,-30.58,明顯較便宜,6.48,0.23
市民大道二段精華車位,台北市,中山區,0,0,0,低價位,206,30942,47,51,31,44,29,4,31-50元,47.6%,16.0%,競爭適中,130.02,77.74,123.46,7341.16,0,0,價格相當,7.29,0.02
林森華國車位(23巷),台北市,中山區,50.0,40.0,50.0,中低價位,175,27726,47,46,28,32,19,3,0-30元,53.1%,12.6%,競爭適中,126.26,71.4,120.72,6714.8,-60.4,-29.97,明顯較便宜,6.19,0.15
USPACE富邦敦北大樓,台北市,松山區,40.0,0,40.0,中低價位,208,39085,53,43,31,51,26,4,0-30元,46.2%,14.4%,競爭適中,129.33,77.38,122.75,7418.78,-69.07,-48.31,明顯較便宜,7.36,0.17
市政府捷運站臨近車位,台北市,信義區,58.57142857142857,0,58.57142857142857,中價位,158,33024,39,34,21,49,12,3,81-120元,46.2%,9.5%,競爭適中,108.29,74.4,103.29,7265.98,-45.91,-21.27,明顯較便宜,5.59,0.15
鹿港柑仔店精華車位,新北市,土城區,30.0,0,30.0,低價位,154,23495,63,17,64,10,0,0,51-80元,51.9%,0.0%,競爭適中,54.12,53.18,53.51,5195.0,-44.57,-43.59,明顯較便宜,5.45,0.19
USPACE中油福林站一場,台北市,士林區,55.714285714285715,0,55.714285714285715,中價位,73,12894,26,25,9,8,3,2,0-30元,69.9%,6.8%,低價競爭激烈,143.55,51.49,140.86,5864.52,-61.19,8.2,明顯較便宜,2.58,0.12
忠勇一街好好停,桃園市,八德區,20.0,0,20.0,低價位,5,172,1,0,4,0,0,0,51-80元,20.0%,0.0%,競爭者少,66.0,66.0,66.0,6600.0,-69.7,-69.7,明顯較便宜,0.18,2.58
員山路精華車位(辰淵合作),新北市,中和區,40.0,0,40.0,中低價位,183,33199,59,45,63,15,1,0,51-80元,56.8%,0.5%,競爭適中,54.34,53.36,53.47,5156.17,-26.4,-25.04,明顯較便宜,6.48,0.05
現代美典停車場,彰化縣,彰化市,28.0,0,28.0,低價位,0,0,0,0,0,0,0,0,無資料,0.0%,0.0%,競爭者少,0,0,-,-,0,0,價格相當,0.0,0
仁和大廈,台北市,大安區,75.71428571428571,10.0,75.71428571428571,中價位,194,36077,47,43,29,51,21,3,81-120元,46.4%,12.4%,競爭適中,103.94,76.42,97.47,7349.42,-27.16,-0.92,明顯較便宜,6.86,0.35
廣興街有棚車位,新北市,土城區,20.0,0,20.0,低價位,155,23567,63,18,64,10,0,0,51-80元,52.3%,0.0%,競爭適中,54.1,53.16,53.48,5200.71,-63.03,-62.38,明顯較便宜,5.48,0.19
C11世正南軟大樓(B2汽車臨停區、B3卸貨區),台北市,南港區,30.0,0,30.0,低價位,67,14861,25,15,14,10,3,0,0-30元,59.7%,4.5%,競爭適中,56.12,54.4,54.47,5119.35,-46.54,-44.86,明顯較便宜,2.37,0.11
永吉麥當勞後方車位(俥亭合作),台北市,信義區,44.285714285714285,0,44.285714285714285,中低價位,143,30705,34,29,22,46,11,1,81-120元,44.1%,8.4%,競爭適中,81.26,71.15,77.55,7191.1,-45.5,-37.76,明顯較便宜,5.06,0.07
USPACE瑞光一,台北市,內湖區,40.0,0,40.0,中低價位,81,13974,27,13,17,18,4,2,0-30元,49.4%,7.4%,競爭適中,109.2,63.33,105.31,6064.59,-63.37,-36.84,明顯較便宜,2.87,0.22
大直典華旗艦大樓,台北市,中山區,80.0,0,80.0,中價位,57,9614,22,11,10,8,4,2,0-30元,57.9%,10.5%,競爭適中,135.88,59.39,129.74,5918.85,-41.12,34.71,明顯較便宜,2.02,0.11
新大龍國小鄰近車位,台北市,大同區,32.857142857142854,10.0,32.857142857142854,中低價位,156,23310,51,46,25,21,11,2,0-30元,62.2%,8.3%,低價競爭激烈,105.51,58.65,100.73,6193.88,-68.86,-43.98,明顯較便宜,5.52,0.14
信義GD+車位,台北市,信義區,60.0,0,60.0,中價位,162,32115,45,37,20,43,15,2,0-30元,50.6%,10.5%,競爭適中,86.91,73.61,81.67,7286.25,-30.97,-18.49,明顯較便宜,5.73,0.21
萬達寵物公園(大光街側),台中市,南屯區,40.0,10.0,40.0,中低價位,0,0,0,0,0,0,0,0,無資料,0.0%,0.0%,競爭者少,0,0,-,-,0,0,價格相當,0.0,0
三重長壽安和車位,新北市,三重區,32.857142857142854,25.0,32.857142857142854,中低價位,189,27410,72,49,37,21,9,1,0-30元,64.0%,5.3%,低價競爭激烈,83.49,53.25,80.28,5535.19,-60.64,-38.29,明顯較便宜,6.69,0.35
大德街車位,台中市,北區,30.0,20.0,30.0,低價位,0,0,0,0,0,0,0,0,無資料,0.0%,0.0%,競爭者少,0,0,-,-,0,0,價格相當,0.0,0
嘉興基隆路精華車位,台北市,大安區,32.857142857142854,0,32.857142857142854,中低價位,139,26690,41,31,17,36,13,1,0-30元,51.8%,10.1%,競爭適中,79.39,73.31,73.63,6924.26,-58.61,-55.18,明顯較便宜,4.92,0.21
北投溫泉路機械月租車位,台北市,北投區,0,0,0,低價位,34,4479,14,13,3,3,0,1,0-30元,79.4%,2.9%,低價競爭激烈,76.18,58.97,68.82,5948.0,0,0,價格相當,1.2,0.13
日月町第一停車場,南投縣,埔里鎮,20.0,0,20.0,低價位,0,0,0,0,0,0,0,0,無資料,0.0%,0.0%,競爭者少,0,0,-,-,0,0,價格相當,0.0,0
公路總局旁車位,新北市,新店區,22.857142857142858,0,22.857142857142858,低價位,136,21221,48,37,38,11,0,2,0-30元,62.5%,1.5%,低價競爭激烈,55.51,54.45,54.89,4809.02,-58.83,-58.02,明顯較便宜,4.81,0.22
中山機車旗艦場(限用悠遊卡),台北市,中山區,24.285714285714285,0,24.285714285714285,低價位,198,31120,51,54,29,38,23,3,31-50元,53.0%,13.1%,競爭適中,121.62,73.18,115.86,6882.47,-80.03,-66.81,明顯較便宜,7.01,0.08
立德街23巷車位,台中市,東區,24.285714285714285,10.0,24.285714285714285,低價位,0,0,0,0,0,0,0,0,無資料,0.0%,0.0%,競爭者少,0,0,-,-,0,0,價格相當,0.0,0
安和路二段鄰近車位,台北市,大安區,65.71428571428571,0,65.71428571428571,中價位,165,30667,41,37,23,45,18,1,81-120元,47.3%,11.5%,競爭適中,83.03,77.0,77.12,7395.94,-20.86,-14.66,明顯較便宜,5.84,0.13
至誠公園鄰近停車場,台北市,士林區,40.0,10.0,40.0,中低價位,59,10096,14,24,10,6,3,2,31-50元,64.4%,8.5%,低價競爭激烈,170.0,56.44,165.34,6384.44,-76.47,-29.13,明顯較便宜,2.09,0.61
南京三民精華車位,台北市,松山區,32.0,0,32.0,中低價位,186,36863,50,38,28,54,12,4,81-120元,47.3%,8.6%,競爭適中,113.92,71.94,108.25,7037.17,-71.91,-55.52,明顯較便宜,6.58,0.11
延平南路路邊車位,台北市,中正區,41.42857142857143,0,41.42857142857143,中低價位,149,29832,45,38,26,22,16,2,0-30元,55.7%,12.1%,競爭適中,116.88,65.84,112.79,6400.2,-64.55,-37.08,明顯較便宜,5.27,0.14
上石南路車位,台中市,西屯區,40.0,20.0,40.0,中低價位,0,0,0,0,0,0,0,0,無資料,0.0%,0.0%,競爭者少,0,0,-,-,0,0,價格相當,0.0,0
光復南路417巷精華車位,台北市,信義區,60.0,25.0,60.0,中價位,174,35162,49,40,21,45,16,3,0-30元,51.1%,10.9%,競爭適中,103.33,72.7,97.47,7219.12,-41.94,-17.47,明顯較便宜,6.16,0.22
沙鹿明秀二街停車場,台中市,沙鹿區,20.0,10.0,20.0,低價位,0,0,0,0,0,0,0,0,無資料,0.0%,0.0%,競爭者少,0,0,-,-,0,0,價格相當,0.0,0
唭哩岸鄰近車位(身障優先),台北市,北投區,20.0,10.0,20.0,低價位,54,9302,23,18,6,4,0,3,0-30元,75.9%,5.6%,低價競爭激烈,187.57,53.5,182.93,6095.12,-89.34,-62.62,明顯較便宜,1.91,0.28
捷報華廈停車場,台中市,西屯區,35.714285714285715,0,35.714285714285715,中低價位,0,0,0,0,0,0,0,0,無資料,0.0%,0.0%,競爭者少,0,0,-,-,0,0,價格相當,0.0,0
四維路216巷精華車位,台北市,大安區,60.0,0,60.0,中價位,153,28769,42,36,19,40,15,1,0-30元,51.0%,10.5%,競爭適中,80.36,74.8,74.41,7018.17,-25.34,-19.79,明顯較便宜,5.41,0.14
聖安路近中山路鄰近車位,彰化縣,彰化市,20.0,0,20.0,低價位,0,0,0,0,0,0,0,0,無資料,0.0%,0.0%,競爭者少,0,0,-,-,0,0,價格相當,0.0,0
西屯福上巷車位,台中市,西屯區,35.714285714285715,30.0,35.714285714285715,中低價位,0,0,0,0,0,0,0,0,無資料,0.0%,0.0%,競爭者少,0,0,-,-,0,0,價格相當,0.0,0
USPACE西門峨嵋站-B2機車停車場,台北市,萬華區,10.0,0,10.0,低價位,169,27353,51,49,26,22,20,1,0-30元,59.2%,12.4%,競爭適中,97.72,64.73,94.23,6432.79,-89.77,-84.55,明顯較便宜,5.98,0.13
歌林商業大樓B2機械月租車位,台北市,中正區,0,0,0,低價位,183,29205,61,49,22,28,21,2,0-30元,60.1%,12.6%,低價競爭激烈,103.74,69.4,98.31,6618.87,0,0,價格相當,6.48,0.26
文昌街鄰近車位,台北市,大安區,52.857142857142854,10.0,52.857142857142854,中價位,177,31680,42,39,26,48,20,2,81-120元,45.8%,12.4%,競爭適中,89.89,77.57,84.21,7463.57,-41.2,-31.86,明顯較便宜,6.26,0.15
USPACE台北君悦酒店,台北市,信義區,70.0,0,70.0,中價位,158,31982,45,36,18,44,13,2,0-30元,51.3%,9.5%,競爭適中,86.08,72.41,81.2,7283.44,-18.68,-3.32,稍微便宜,5.59,0.17
區域探索館停車場,基隆市,中正區,28.571428571428573,0,28.571428571428573,低價位,4,1263,3,1,0,0,0,0,0-30元,100.0%,0.0%,低價競爭激烈,28.75,26.25,28.75,3000.0,-0.62,8.84,價格相當,0.14,0.94
民生重慶精華車位(寧夏夜市旁),台北市,大同區,28.0,10.0,28.0,低價位,191,28668,61,53,31,27,18,1,0-30元,59.7%,9.9%,競爭適中,92.23,63.01,87.82,6387.42,-69.64,-55.56,明顯較便宜,6.76,0.1
Bellyflopp Cafe(花園新城),新北市,新店區,30.0,0,30.0,低價位,2,71,0,1,0,1,0,0,31-50元,50.0%,0.0%,競爭者少,75.0,75.0,75.0,6000.0,-60.0,-60.0,明顯較便宜,0.07,0.03
三胡町義式餐館停車位,台南市,東區,45.714285714285715,0,45.714285714285715,中低價位,0,0,0,0,0,0,0,0,無資料,0.0%,0.0%,競爭者少,0,0,-,-,0,0,價格相當,0.0,0
華山民族鄰近停車位,彰化縣,彰化市,20.0,10.0,20.0,低價位,0,0,0,0,0,0,0,0,無資料,0.0%,0.0%,競爭者少,0,0,-,-,0,0,價格相當,0.0,0
USPACE仁愛帝寶站,台北市,大安區,60.0,0,60.0,中價位,213,36447,45,51,34,47,32,4,31-50元,45.1%,16.9%,競爭適中,130.42,79.77,123.75,7457.39,-54.0,-24.78,明顯較便宜,7.54,0.09
USPACE新莊昌德街場,新北市,新莊區,0,0,0,低價位,211,24704,92,35,69,12,2,1,0-30元,60.2%,1.4%,低價競爭激烈,61.73,49.29,60.69,4601.05,0,0,價格相當,7.47,0.16
上引水產鄰近車位,台北市,中山區,30.0,0,30.0,低價位,167,26591,40,46,27,31,19,4,31-50元,51.5%,13.8%,競爭適中,137.81,73.35,131.72,6833.42,-78.23,-59.1,明顯較便宜,5.91,0.08
光復國小鄰近車位(頂棚下),台北市,大安區,75.71428571428571,0,75.71428571428571,中價位,193,37989,55,41,25,49,20,3,0-30元,49.7%,11.9%,競爭適中,101.79,74.09,95.52,7166.02,-25.62,2.19,明顯較便宜,6.83,0.09
永和路一段車位(近樂華夜市),新北市,永和區,54.285714285714285,30.0,54.285714285714285,中價位,151,26590,43,44,47,14,2,1,51-80元,57.6%,2.0%,競爭適中,68.08,52.93,66.62,5175.37,-20.26,2.55,明顯較便宜,5.34,0.25
USPACE南山台南廣場大樓,台南市,北區,40.0,0,40.0,中低價位,0,0,0,0,0,0,0,0,無資料,0.0%,0.0%,競爭者少,0,0,-,-,0,0,價格相當,0.0,0
協和祐德高中鄰近車位,台北市,信義區,40.0,20.0,40.0,中低價位,114,27386,32,23,17,35,7,0,81-120元,48.2%,6.1%,競爭適中,69.08,67.59,66.05,6784.9,-42.1,-40.82,明顯較便宜,4.03,0.15
彰化竹和路停車場,彰化縣,彰化市,17.142857142857142,0,17.142857142857142,低價位,0,0,0,0,0,0,0,0,無資料,0.0%,0.0%,競爭者少,0,0,-,-,0,0,價格相當,0.0,0
承德路四段車位,台北市,士林區,28.0,0,28.0,低價位,102,15104,41,29,16,7,8,1,0-30元,68.6%,8.8%,低價競爭激烈,71.61,53.52,67.41,5605.84,-60.9,-47.68,明顯較便宜,3.61,0.32
康寧路三段189巷鄰近車位,台北市,內湖區,30.857142857142858,0,30.857142857142858,中低價位,71,15946,27,15,16,10,3,0,0-30元,59.2%,4.2%,競爭適中,55.63,54.01,53.79,4964.62,-44.54,-42.87,明顯較便宜,2.51,0.38
遼寧街撥筋堂臨近車位,台北市,中山區,80.0,0,80.0,中價位,216,40044,46,50,31,57,28,4,81-120元,44.4%,14.8%,競爭適中,129.05,79.05,122.53,7586.41,-38.01,1.2,明顯較便宜,7.64,0.22
螢橋國小鄰近車位,台北市,中正區,21.428571428571427,10.0,21.428571428571427,低價位,162,32411,54,40,30,23,14,1,0-30元,58.0%,9.3%,競爭適中,75.43,61.83,71.17,6063.95,-71.59,-65.34,明顯較便宜,5.73,0.15
USPACE崇德街停車場,台北市,信義區,60.0,10.0,60.0,中價位,143,27473,38,35,17,39,13,1,81-120元,51.0%,9.8%,競爭適中,80.59,74.72,74.79,7199.91,-25.55,-19.7,明顯較便宜,5.06,0.39
大甲錦上街,台中市,大甲區,30.0,0,30.0,低價位,0,0,0,0,0,0,0,0,無資料,0.0%,0.0%,競爭者少,0,0,-,-,0,0,價格相當,0.0,0
天墅,新北市,汐止區,30.0,0,30.0,低價位,44,10549,12,7,15,7,3,0,51-80元,43.2%,6.8%,競爭適中,65.8,65.11,65.0,5752.5,-54.4,-53.93,明顯較便宜,1.56,1.3
福興宮車位(吉林路),台北市,中山區,40.0,0,40.0,中低價位,184,30907,48,50,30,33,19,4,31-50元,53.3%,12.5%,競爭適中,129.65,71.25,122.57,6857.72,-69.15,-43.86,明顯較便宜,6.51,0.25
樂華夜市鄰近車位,新北市,永和區,60.0,0,60.0,中價位,152,26593,44,44,47,14,2,1,51-80元,57.9%,2.0%,競爭適中,67.83,52.85,66.38,5161.4,-11.54,13.53,稍微便宜,5.38,0.24
USPACE安盛好樂停中山停車場,花蓮縣,花蓮市,20.0,0,20.0,低價位,0,0,0,0,0,0,0,0,無資料,0.0%,0.0%,競爭者少,0,0,-,-,0,0,價格相當,0.0,0
辛亥公園鄰近車位,台北市,文山區,20.0,0,20.0,低價位,85,13436,36,18,20,9,2,0,0-30元,63.5%,2.4%,低價競爭激烈,49.71,48.94,47.94,5303.29,-59.76,-59.13,明顯較便宜,3.01,0.26
USPACE國家企業中心,台北市,松山區,50.0,10.0,50.0,中低價位,179,36159,47,35,27,55,11,4,81-120元,45.8%,8.4%,競爭適中,116.31,72.68,111.23,7078.76,-57.01,-31.21,明顯較便宜,6.33,0.29
松山文創鄰近車梯車位,台北市,信義區,35.714285714285715,10.0,35.714285714285715,中低價位,174,36019,49,37,22,50,13,3,81-120元,49.4%,9.2%,競爭適中,102.99,72.21,97.3,7140.48,-65.32,-50.54,明顯較便宜,6.16,0.18
師大功德站(38巷),台北市,大安區,44.285714285714285,10.0,44.285714285714285,中低價位,162,25647,46,35,32,28,19,2,0-30元,50.0%,13.0%,競爭適中,92.41,74.32,88.36,6610.85,-52.08,-40.41,明顯較便宜,5.73,0.28
板橋大同街精華車位,新北市,板橋區,30.0,0,30.0,低價位,192,31270,73,47,56,15,1,0,0-30元,62.5%,0.5%,低價競爭激烈,51.3,50.73,50.08,4933.91,-41.52,-40.86,明顯較便宜,6.79,0.1
中和圓通停車場,新北市,中和區,40.0,10.0,40.0,中低價位,118,20467,33,36,40,9,0,0,51-80元,58.5%,0.0%,競爭適中,53.35,52.08,52.37,4988.24,-25.02,-23.19,明顯較便宜,4.18,0.15
南京東123巷車位,台北市,松山區,28.571428571428573,0,28.571428571428573,低價位,186,37385,49,37,29,54,13,4,81-120元,46.2%,9.1%,競爭適中,114.84,72.8,109.25,7040.57,-75.12,-60.75,明顯較便宜,6.58,0.32
鼎康華廈精華車位(延吉街),台北市,大安區,70.0,50.0,70.0,中價位,196,38206,54,40,26,51,22,3,0-30元,48.0%,12.8%,競爭適中,103.14,75.87,96.96,7151.39,-32.13,-7.73,明顯較便宜,6.94,0.24
石平街停車(月租車位),台中市,西屯區,0,0,0,低價位,0,0,0,0,0,0,0,0,無資料,0.0%,0.0%,競爭者少,0,0,-,-,0,0,價格相當,0.0,0
敦化四維精華車位,台北市,大安區,40.0,20.0,40.0,中低價位,165,30079,42,38,24,41,19,1,0-30元,48.5%,12.1%,競爭適中,82.3,76.18,76.64,7214.93,-51.4,-47.49,明顯較便宜,5.84,0.15
林口東湖路停車場,新北市,林口區,20.0,0,20.0,低價位,91,10483,26,15,39,11,0,0,51-80元,45.1%,0.0%,競爭適中,58.19,57.09,57.58,5136.36,-65.63,-64.97,明顯較便宜,3.22,0.35
永康四維龍埔街口,台南市,永康區,20.0,0,20.0,低價位,0,0,0,0,0,0,0,0,無資料,0.0%,0.0%,競爭者少,0,0,-,-,0,0,價格相當,0.0,0
長榮桂冠酒店旁尊榮車位,台北市,中山區,50.0,0,50.0,中低價位,213,35727,49,53,34,43,30,4,31-50元,47.9%,16.0%,競爭適中,127.51,76.9,120.78,7351.88,-60.79,-34.98,明顯較便宜,7.54,0.27
萬隆街79號,台北市,文山區,28.0,0,28.0,低價位,133,22270,48,32,39,12,2,0,0-30元,60.2%,1.5%,低價競爭激烈,52.33,51.35,51.09,5192.23,-46.49,-45.48,明顯較便宜,4.71,0.08
永固港墘站車位(柵欄外),台北市,內湖區,60.0,10.0,60.0,中價位,70,12892,29,9,15,12,4,1,0-30元,54.3%,7.1%,競爭適中,96.21,60.0,93.57,5453.65,-37.64,0.0,明顯較便宜,2.48,0.04
USPACE新豐松林站,新竹縣,新豐鄉,30.0,0,30.0,低價位,0,0,0,0,0,0,0,0,無資料,0.0%,0.0%,競爭者少,0,0,-,-,0,0,價格相當,0.0,0
菜豚屋精誠五街車位,台中市,西區,40.0,10.0,40.0,中低價位,0,0,0,0,0,0,0,0,無資料,0.0%,0.0%,競爭者少,0,0,-,-,0,0,價格相當,0.0,0
民權西路捷運站月租車位,台北市,大同區,0,0,0,低價位,182,27825,53,49,34,25,19,2,0-30元,56.0%,11.5%,競爭適中,113.19,65.22,108.59,6436.44,0,0,價格相當,6.44,0.23
新竹香山靜思綠能站,新竹市,香山區,20.0,0,20.0,低價位,0,0,0,0,0,0,0,0,無資料,0.0%,0.0%,競爭者少,0,0,-,-,0,0,價格相當,0.0,0
大潤發中和店,新北市,中和區,50.0,0,50.0,中低價位,143,26448,43,40,47,12,0,1,51-80元,58.0%,0.7%,競爭適中,67.48,51.8,66.43,5064.17,-25.91,-3.47,明顯較便宜,5.06,0.01
自強路一段正義北路口鄰近車位,新北市,三重區,40.0,0,40.0,中低價位,187,26880,74,46,39,21,6,1,0-30元,64.2%,3.7%,低價競爭激烈,81.73,51.22,78.84,5393.52,-51.06,-21.91,明顯較便宜,6.62,0.27
USPACE大里益民站,台中市,大里區,60.0,0,60.0,中價位,0,0,0,0,0,0,0,0,無資料,0.0%,0.0%,競爭者少,0,0,-,-,0,0,價格相當,0.0,0
竹圍國小鄰近月租車位,新北市,淡水區,0,0,0,低價位,16,2234,9,5,1,1,0,0,0-30元,87.5%,0.0%,低價競爭激烈,35.62,35.0,34.38,2655.56,0,0,價格相當,0.57,0.29
USPACE吉祥平面停車場,台北市,松山區,30.0,10.0,30.0,低價位,188,36870,50,39,27,55,13,4,81-120元,47.3%,9.0%,競爭適中,113.83,72.29,108.16,7099.44,-73.64,-58.5,明顯較便宜,6.65,0.04
愛山林企業總部大樓,台北市,中山區,70.0,0,70.0,中價位,195,34225,46,49,30,38,28,4,31-50元,48.7%,16.4%,競爭適中,132.54,77.23,125.95,7364.09,-47.19,-9.36,明顯較便宜,6.9,0.11
建成大廈二場,台北市,大安區,78.57142857142857,0,78.57142857142857,中價位,196,36645,50,42,28,50,23,3,0-30元,46.9%,13.3%,競爭適中,104.18,76.94,97.55,7345.18,-24.58,2.12,明顯較便宜,6.94,0.23
棧車內湖成功安康站,台北市,內湖區,20.0,0,20.0,低價位,106,24926,40,21,15,25,4,1,0-30元,57.5%,4.7%,競爭適中,83.92,59.25,82.38,5840.21,-76.17,-66.24,明顯較便宜,3.75,0.44
中山北路七段巷弄月租車位,台北市,士林區,28.0,0,28.0,低價位,35,6455,10,18,3,3,0,1,31-50元,80.0%,2.9%,低價競爭激烈,186.43,45.86,181.71,6912.5,-84.98,-38.94,明顯較便宜,1.24,0.41
內湖思恩堂後方車位,台北市,內湖區,30.0,0,30.0,低價位,70,12637,27,13,15,12,2,1,0-30元,57.1%,4.3%,競爭適中,91.79,55.07,90.14,4969.84,-67.32,-45.53,明顯較便宜,2.48,0.48
靜心高中鄰近車位,台北市,文山區,0,0,0,低價位,110,19029,49,25,27,8,1,0,0-30元,67.3%,0.9%,低價競爭激烈,47.45,46.68,46.18,4858.99,0,0,價格相當,3.89,0.22
東湖精華車位,台北市,內湖區,25.714285714285715,10.0,25.714285714285715,低價位,69,15648,26,15,16,9,3,0,0-30元,59.4%,4.3%,競爭適中,55.07,53.41,53.46,4820.63,-53.31,-51.85,明顯較便宜,2.44,0.26
中崙旗艦安東場,台北市,中山區,30.0,0,30.0,低價位,217,39912,50,49,30,54,30,4,81-120元,45.6%,15.7%,競爭適中,128.85,79.12,122.25,7471.95,-76.72,-62.09,明顯較便宜,7.68,0.07
敦南金三角車位,台北市,大安區,45.714285714285715,10.0,45.714285714285715,中低價位,171,30987,40,40,26,45,19,1,81-120元,46.8%,11.7%,競爭適中,82.98,77.02,77.16,7301.52,-44.91,-40.64,明顯較便宜,6.05,0.02
遠企之戀B3機械月租車位,台北市,大安區,0,0,0,低價位,146,27040,39,35,18,39,14,1,0-30元,50.7%,10.3%,競爭適中,80.92,75.14,75.03,7195.75,0,0,價格相當,5.17,0.28
永安市場鄰近車位(新興街),新北市,永和區,41.42857142857143,0,41.42857142857143,中低價位,147,26150,43,47,45,11,0,1,31-50元,61.2%,0.7%,低價競爭激烈,65.51,49.83,64.22,4759.47,-36.76,-16.86,明顯較便宜,5.2,0.23
立飛多功能創意組合屋,台中市,神岡區,0,0,0,低價位,0,0,0,0,0,0,0,0,無資料,0.0%,0.0%,競爭者少,0,0,-,-,0,0,價格相當,0.0,0
宏泰世界大樓B2停車場,台北市,松山區,60.0,0,60.0,中價位,185,34326,44,38,29,46,24,4,81-120元,44.3%,15.1%,競爭適中,137.38,78.92,131.3,7363.93,-56.33,-23.97,明顯較便宜,6.55,0.23
台灣智匯總部停車場,新北市,新莊區,40.0,0,40.0,中低價位,207,23491,86,31,75,13,2,0,0-30元,56.5%,1.0%,競爭適中,51.84,50.99,50.58,4758.6,-22.83,-21.55,明顯較便宜,7.32,0.1
新莊思源路287巷車位,新北市,新莊區,30.0,8.0,30.0,低價位,229,26086,97,40,75,14,2,1,0-30元,59.8%,1.3%,競爭適中,61.29,49.76,60.33,4689.0,-51.05,-39.71,明顯較便宜,8.1,0.06
延平長安精華車位,台北市,大同區,38.57142857142857,0,38.57142857142857,中低價位,197,28877,62,55,28,29,21,2,0-30元,59.4%,11.7%,競爭適中,100.43,68.5,95.89,6586.52,-61.59,-43.69,明顯較便宜,6.97,0.18
新店小碧潭月租場(力行路),新北市,新店區,28.0,0,28.0,低價位,91,13148,35,22,22,8,1,3,0-30元,62.6%,4.4%,低價競爭激烈,75.6,59.4,74.67,4728.75,-62.97,-52.86,明顯較便宜,3.22,0.17
台北機廠鄰近車位,台北市,松山區,30.0,20.0,30.0,低價位,177,35649,45,36,25,54,13,4,81-120元,45.8%,9.6%,競爭適中,117.97,73.84,112.77,7168.28,-74.57,-59.37,明顯較便宜,6.26,0.2
USPACE新莊中央一場,新北市,新莊區,60.0,0,60.0,中價位,175,20745,77,28,56,12,2,0,0-30元,60.0%,1.1%,低價競爭激烈,50.66,49.69,49.63,4580.5,18.44,20.76,稍微較貴,6.19,0.05
光復南路260巷1號旁車位,台北市,大安區,42.857142857142854,10.0,42.857142857142854,中低價位,185,37040,53,40,23,49,17,3,0-30元,50.3%,10.8%,競爭適中,101.84,73.0,95.73,7168.54,-57.92,-41.29,明顯較便宜,6.55,0.07
力上西服車位(國父紀念館旁),台北市,信義區,35.0,10.0,35.0,中低價位,178,36455,50,38,22,51,14,3,81-120元,49.4%,9.6%,競爭適中,102.47,72.39,96.8,7149.73,-65.84,-51.65,明顯較便宜,6.3,0.25
無,台北市,信義區,28.0,0,28.0,低價位,126,27901,32,26,20,39,8,1,81-120元,46.0%,7.1%,競爭適中,79.13,68.73,75.48,7082.48,-64.61,-59.26,明顯較便宜,4.46,0.3
永春大廈(波記茶餐廳對面),台北市,大安區,78.57142857142857,0,78.57142857142857,中價位,198,38003,55,43,27,49,21,3,0-30元,49.5%,12.1%,競爭適中,101.26,74.27,94.72,7129.07,-22.41,5.79,明顯較便宜,7.01,0.22
振宇五金嘉義中興店,嘉義市,西區,22.857142857142858,0,22.857142857142858,低價位,0,0,0,0,0,0,0,0,無資料,0.0%,0.0%,競爭者少,0,0,-,-,0,0,價格相當,0.0,0
敦化國中鄰近車位,台北市,松山區,50.0,10.0,50.0,中低價位,204,38737,44,47,31,52,26,4,81-120元,44.6%,14.7%,競爭適中,131.67,78.73,124.88,7501.18,-62.03,-36.49,明顯較便宜,7.22,0.19
民生社區精華車位(新中街),台北市,松山區,35.0,0,35.0,中低價位,166,31832,43,30,32,44,13,4,81-120元,44.0%,10.2%,競爭適中,121.27,74.25,116.52,6791.6,-71.14,-52.86,明顯較便宜,5.87,0.13
建國路176巷有棚車位,桃園市,桃園區,0,0,0,低價位,2,101,0,0,2,0,0,0,51-80元,0.0%,0.0%,競爭者少,70.0,70.0,70.0,7000.0,0,0,價格相當,0.07,2.35
保平路93巷車位(鄰近樂華夜市),新北市,永和區,54.285714285714285,20.0,54.285714285714285,中價位,152,26593,44,44,47,14,2,1,51-80元,57.9%,2.0%,競爭適中,67.83,52.85,66.38,5161.4,-19.97,2.72,稍微便宜,5.38,0.22
熱海溫泉路車位(後門),台北市,北投區,30.0,0,30.0,低價位,36,4741,13,14,5,3,0,1,31-50元,75.0%,2.8%,低價競爭激烈,75.83,59.31,68.89,6288.89,-60.44,-49.41,明顯較便宜,1.27,0.38
天母棒球場士東路鄰近車位,台北市,士林區,0,0,0,低價位,47,8574,11,22,7,5,0,2,31-50元,70.2%,4.3%,低價競爭激烈,190.85,48.62,185.43,6496.97,0,0,價格相當,1.66,0.4
中和皇家經典精華車位,新北市,中和區,31.428571428571427,0,31.428571428571427,中低價位,183,29465,60,38,70,14,1,0,51-80元,53.6%,0.5%,競爭適中,55.68,54.7,54.78,5163.58,-43.56,-42.54,明顯較便宜,6.48,0.35
敦南誠品後巷車位(新力大廈),台北市,大安區,69.0,20.0,69.0,中價位,194,36080,47,43,28,51,22,3,81-120元,46.4%,12.9%,競爭適中,104.56,77.04,98.09,7423.04,-34.01,-10.43,明顯較便宜,6.86,0.3
熱海大飯店車位(前門),台北市,北投區,32.857142857142854,0,32.857142857142854,中低價位,36,4741,13,14,5,3,0,1,31-50元,75.0%,2.8%,低價競爭激烈,75.83,59.31,68.89,6288.89,-56.67,-44.6,明顯較便宜,1.27,0.39
捷運忠孝新生五號出口鄰近車位,台北市,中正區,50.0,0,50.0,中低價位,208,34099,45,49,34,44,32,4,31-50元,45.2%,17.3%,競爭適中,131.44,79.52,125.43,7420.74,-61.96,-37.12,明顯較便宜,7.36,0.26
USPACE-A7善捷停車場,桃園市,龜山區,30.0,0,30.0,低價位,34,8251,11,8,7,8,0,0,0-30元,55.9%,0.0%,競爭適中,57.65,56.91,56.76,5017.24,-47.96,-47.29,明顯較便宜,1.2,2.17
三寶大樓地下停車位,台北市,中山區,60.0,0,60.0,中價位,179,28332,44,50,27,31,23,4,31-50元,52.5%,15.1%,競爭適中,133.97,73.88,127.84,7073.59,-55.21,-18.79,明顯較便宜,6.33,0.1
新北產業園區車位(柵欄外),新北市,新莊區,20.0,0,20.0,低價位,206,23383,87,31,75,11,2,0,0-30元,57.3%,1.0%,競爭適中,51.26,50.41,50.0,4722.16,-60.98,-60.33,明顯較便宜,7.29,0.03
延吉街車位(有棚涼快),台北市,大安區,78.57142857142857,10.0,78.57142857142857,中價位,193,37226,53,42,25,49,21,3,0-30元,49.2%,12.4%,競爭適中,102.72,75.03,96.45,7232.9,-23.51,4.73,明顯較便宜,6.83,0.29
德安公園鄰近車位,台北市,大安區,51.42857142857143,10.0,51.42857142857143,中價位,195,35346,46,44,29,51,22,3,81-120元,46.2%,12.8%,競爭適中,104.36,76.92,98.46,7487.01,-50.72,-33.14,明顯較便宜,6.9,0.22
南京雙星車位,台北市,松山區,30.0,10.0,30.0,低價位,190,37891,50,38,29,53,16,4,81-120元,46.3%,10.5%,競爭適中,115.0,73.82,109.29,7099.44,-73.91,-59.36,明顯較便宜,6.72,0.37
基隆大華一路61巷月租場,基隆市,七堵區,28.0,0,28.0,低價位,0,0,0,0,0,0,0,0,無資料,0.0%,0.0%,競爭者少,0,0,-,-,0,0,價格相當,0.0,0
臺北花木批發市場鄰近月租車位,台北市,文山區,0,0,0,低價位,115,19155,40,30,27,13,5,0,0-30元,60.9%,4.3%,低價競爭激烈,55.22,54.26,53.3,5396.73,0,0,價格相當,4.07,0.04
永吉路30巷鄰近車位,台北市,信義區,60.0,0,60.0,中價位,152,31756,33,32,23,50,12,2,81-120元,42.8%,9.2%,競爭適中,91.45,77.11,86.91,7276.27,-34.39,-22.18,明顯較便宜,5.38,0.14
竹北哈洛德地下車位,新竹縣,竹北市,40.0,0,40.0,中低價位,0,0,0,0,0,0,0,0,無資料,0.0%,0.0%,競爭者少,0,0,-,-,0,0,價格相當,0.0,0
永吉路金三角車位(原正饒河),台北市,信義區,40.0,10.0,40.0,中低價位,148,32128,33,31,24,47,10,3,81-120元,43.2%,8.8%,競爭適中,117.91,70.0,113.78,7088.94,-66.07,-42.86,明顯較便宜,5.24,0.17
USPACE台北喜來登大飯店地下駐車場,台北市,中正區,100.0,0,100.0,中高價位,203,34157,57,52,28,38,26,2,0-30元,53.7%,13.8%,競爭適中,105.47,73.82,99.43,6946.52,-5.18,35.47,稍微便宜,7.18,0.01
六張犁崇德街鄰近精華車位,台北市,信義區,30.0,10.0,30.0,低價位,141,27075,39,34,16,39,12,1,0-30元,51.8%,9.2%,競爭適中,79.82,73.94,74.01,7172.56,-62.42,-59.42,明顯較便宜,4.99,0.33
保儀路車位,台北市,文山區,40.0,0,40.0,中低價位,60,11241,29,11,15,4,1,0,0-30元,66.7%,1.7%,低價競爭激烈,46.08,45.67,43.75,4750.77,-13.2,-12.41,稍微便宜,2.12,0.14
紘緯綠園道車位,台中市,西區,25.714285714285715,0,25.714285714285715,低價位,0,0,0,0,0,0,0,0,無資料,0.0%,0.0%,競爭者少,0,0,-,-,0,0,價格相當,0.0,0
趴停土城永寧捷運停車場,新北市,土城區,20.0,0,20.0,低價位,64,6388,25,4,29,6,0,0,51-80元,45.3%,0.0%,競爭適中,57.66,56.17,57.34,5347.54,-65.31,-64.39,明顯較便宜,2.26,0.22
師大夜市鄰近露天車位,台北市,大安區,30.0,0,30.0,低價位,146,23345,45,31,30,25,13,2,0-30元,52.1%,10.3%,競爭適中,90.14,70.07,86.82,6188.24,-66.72,-57.19,明顯較便宜,5.17,0.13
內湖站精華車位,台北市,內湖區,20.0,10.0,20.0,低價位,63,10273,24,11,14,11,2,1,0-30元,55.6%,4.8%,競爭適中,96.75,56.51,95.16,5157.89,-79.33,-64.61,明顯較便宜,2.23,0.22
梧棲文雅街停車位,台中市,梧棲區,20.0,0,20.0,低價位,0,0,0,0,0,0,0,0,無資料,0.0%,0.0%,競爭者少,0,0,-,-,0,0,價格相當,0.0,0
仁愛國小鄰近車位,台北市,大安區,64.28571428571429,0,64.28571428571429,中價位,182,32897,44,38,26,50,21,3,81-120元,45.1%,13.2%,競爭適中,107.25,77.88,101.62,7503.94,-40.06,-17.46,明顯較便宜,6.44,0.2
太平伊甸園車位,台中市,太平區,20.0,0,20.0,低價位,0,0,0,0,0,0,0,0,無資料,0.0%,0.0%,競爭者少,0,0,-,-,0,0,價格相當,0.0,0
秀峰高中場,新北市,汐止區,24.285714285714285,10.0,24.285714285714285,低價位,44,4726,9,10,21,3,0,1,51-80元,43.2%,2.3%,競爭適中,88.64,55.58,88.64,4997.62,-72.6,-56.31,明顯較便宜,1.56,0.01
C10世正經貿大樓,台北市,南港區,30.0,0,30.0,低價位,68,15405,25,15,14,11,3,0,0-30元,58.8%,4.4%,競爭適中,56.76,55.81,55.15,5113.11,-47.15,-46.25,明顯較便宜,2.41,0.13
竹北成功三路車位,新竹縣,竹北市,30.0,10.0,30.0,低價位,0,0,0,0,0,0,0,0,無資料,0.0%,0.0%,競爭者少,0,0,-,-,0,0,價格相當,0.0,0
光復南路美廉社車位,台北市,信義區,62.857142857142854,10.0,62.857142857142854,中價位,166,33275,47,37,21,43,16,2,0-30元,50.6%,10.8%,競爭適中,86.87,73.89,81.39,7292.36,-27.64,-14.93,明顯較便宜,5.87,0.14
洛陽路125巷,台中市,西屯區,15.0,8.0,15.0,低價位,0,0,0,0,0,0,0,0,無資料,0.0%,0.0%,競爭者少,0,0,-,-,0,0,價格相當,0.0,0
大雅中清東路118巷車位,台中市,大雅里,20.0,10.0,20.0,低價位,0,0,0,0,0,0,0,0,無資料,0.0%,0.0%,競爭者少,0,0,-,-,0,0,價格相當,0.0,0
瀋陽路三段停車場共享車位,台中市,北屯區,30.0,10.0,30.0,低價位,0,0,0,0,0,0,0,0,無資料,0.0%,0.0%,競爭者少,0,0,-,-,0,0,價格相當,0.0,0
USPACE新莊溼地公園/昌平街聯合停車場,新北市,新莊區,28.0,0,28.0,低價位,197,22981,86,31,66,12,2,0,0-30元,59.4%,1.0%,競爭適中,50.33,49.44,49.11,4643.26,-44.37,-43.37,明顯較便宜,6.97,0.03
民族東路鄰近車位,台北市,松山區,20.0,0,20.0,低價位,161,28746,38,34,27,38,20,4,0-30元,44.7%,14.9%,競爭適中,145.47,78.29,140.31,7261.47,-86.25,-74.45,明顯較便宜,5.7,0.15
伯爵山莊車位(社區前巷底),新北市,汐止區,0,0,0,低價位,60,7019,16,12,26,4,1,1,51-80元,46.7%,3.3%,競爭適中,79.5,55.25,78.83,4976.36,0,0,價格相當,2.12,0.46
鳳凰大廈後門車位,台北市,大安區,60.0,25.0,60.0,中價位,208,37509,52,42,30,55,26,3,81-120元,45.2%,13.9%,競爭適中,103.99,78.29,97.49,7516.6,-42.3,-23.37,明顯較便宜,7.36,0.23
三創生活園區鄰近車位,台北市,中山區,40.0,0,40.0,中低價位,215,33744,48,53,33,44,33,4,31-50元,47.0%,17.2%,競爭適中,128.65,78.56,122.08,7376.79,-68.91,-49.08,明顯較便宜,7.61,0.13
初生 生 旗艦店,台北市,大安區,72.85714285714286,10.0,72.85714285714286,中價位,194,36596,49,43,28,50,21,3,81-120元,47.4%,12.4%,競爭適中,103.32,75.77,96.96,7298.5,-29.49,-3.85,明顯較便宜,6.86,0.38
CONVERSE前車位,台北市,大安區,78.57142857142857,10.0,78.57142857142857,中價位,203,36948,51,41,30,52,26,3,81-120元,45.3%,14.3%,競爭適中,104.68,78.33,98.17,7362.82,-24.94,0.31,明顯較便宜,7.18,0.15
文化路一段精華車位,新北市,板橋區,42.857142857142854,20.0,42.857142857142854,中低價位,201,30398,79,40,65,15,1,1,0-30元,59.2%,1.0%,競爭適中,64.35,51.7,63.28,4911.05,-33.4,-17.1,明顯較便宜,7.11,0.1
永安市場鄰近車位(中和路),新北市,永和區,40.0,0,40.0,中低價位,149,26297,43,48,46,11,0,1,31-50元,61.1%,0.7%,低價競爭激烈,65.5,50.03,64.23,4783.83,-38.93,-20.05,明顯較便宜,5.27,0.24
Ocean city 海洋都心,新北市,淡水區,20.0,0,20.0,低價位,38,4189,10,10,13,5,0,0,51-80元,52.6%,0.0%,競爭適中,56.45,54.08,56.45,5037.04,-64.57,-63.02,明顯較便宜,1.34,0.25
三重果菜市場鄰近車位,新北市,三重區,0,0,0,低價位,187,25045,79,39,52,14,3,0,0-30元,63.1%,1.6%,低價競爭激烈,50.24,49.04,48.34,4932.92,0,0,價格相當,6.62,0.22
USPACE安盛好樂停中央停車場,花蓮縣,花蓮市,20.0,0,20.0,低價位,0,0,0,0,0,0,0,0,無資料,0.0%,0.0%,競爭者少,0,0,-,-,0,0,價格相當,0.0,0
芝山站鄰近車位,台北市,士林區,30.0,10.0,30.0,低價位,66,11367,24,25,9,5,1,2,31-50元,74.2%,4.5%,低價競爭激烈,147.48,45.89,142.62,5960.78,-79.66,-34.63,明顯較便宜,2.34,0.12
五常國中鄰近車位,台北市,中山區,40.0,10.0,40.0,中低價位,152,26092,39,39,23,26,21,4,0-30元,51.3%,16.4%,競爭適中,146.02,75.26,140.23,7095.77,-72.61,-46.85,明顯較便宜,5.38,0.5
世紀大樓1F平面車位,台北市,中山區,50.0,25.0,50.0,中低價位,177,28500,45,49,28,31,20,4,31-50元,53.1%,13.6%,競爭適中,132.6,71.78,126.9,6649.14,-62.29,-30.34,明顯較便宜,6.26,0.28
新莊思源路370巷車位(柵欄外),新北市,新莊區,0,0,0,低價位,225,26601,94,39,74,15,2,1,0-30元,59.1%,1.3%,競爭適中,62.2,50.4,61.18,4761.27,0,0,價格相當,7.96,0.0
涵碧園B1月租車位,台北市,內湖區,0,0,0,低價位,68,11584,27,11,16,11,2,1,0-30元,55.9%,4.4%,競爭適中,92.43,55.15,90.6,4898.36,0,0,價格相當,2.41,0.45
延吉街機車場(合作金庫旁),台北市,大安區,28.0,0,28.0,低價位,197,38752,56,41,27,49,21,3,0-30元,49.2%,12.2%,競爭適中,101.47,74.34,95.1,7119.46,-72.41,-62.34,明顯較便宜,6.97,0.25
後勁捷運站鄰近車位,高雄市,楠梓區,30.0,0,30.0,低價位,0,0,0,0,0,0,0,0,無資料,0.0%,0.0%,競爭者少,0,0,-,-,0,0,價格相當,0.0,0
立飛組合屋,台中市,神岡區,0,0,0,低價位,0,0,0,0,0,0,0,0,無資料,0.0%,0.0%,競爭者少,0,0,-,-,0,0,價格相當,0.0,0
永和耕莘醫院停車場(車梯地下車位),新北市,永和區,28.0,0,28.0,低價位,133,24330,43,35,34,15,5,1,0-30元,58.6%,4.5%,競爭適中,71.88,55.38,70.0,5261.85,-61.05,-49.44,明顯較便宜,4.71,0.05
基隆路一段380巷鄰近車位,台北市,信義區,48.57142857142857,10.0,48.57142857142857,中低價位,162,32849,47,37,19,43,14,2,0-30元,51.9%,9.9%,競爭適中,85.68,72.35,80.31,7238.46,-43.31,-32.86,明顯較便宜,5.73,0.15
敦南錢櫃後方車位,台北市,大安區,78.57142857142857,10.0,78.57142857142857,中價位,203,36975,52,41,30,51,26,3,0-30元,45.8%,14.3%,競爭適中,104.29,77.93,97.77,7313.4,-24.66,0.82,明顯較便宜,7.18,0.26
濟南路二段鄰近車位,台北市,中正區,50.0,10.0,50.0,中低價位,208,33453,46,50,32,45,32,3,31-50元,46.2%,16.8%,競爭適中,125.82,79.52,119.78,7430.15,-60.26,-37.12,明顯較便宜,7.36,0.35
黎明客美多旁停車位,台中市,西屯區,30.0,5.0,30.0,低價位,0,0,0,0,0,0,0,0,無資料,0.0%,0.0%,競爭者少,0,0,-,-,0,0,價格相當,0.0,0
宏泰A19購物中心,台北市,信義區,70.0,0,70.0,中價位,140,27835,33,33,18,42,12,2,81-120元,47.1%,10.0%,競爭適中,91.07,75.64,87.14,7473.54,-23.14,-7.46,明顯較便宜,4.95,0.11
復盛公園鄰近車位,台北市,松山區,40.0,0,40.0,中低價位,189,38391,55,39,25,52,15,3,0-30元,49.7%,9.5%,競爭適中,100.48,72.14,94.37,7088.81,-60.19,-44.55,明顯較便宜,6.69,0.22
USPACE板橋旗艦場機車場,新北市,板橋區,60.0,0,60.0,中價位,205,32811,83,41,68,12,1,0,0-30元,60.5%,0.5%,低價競爭激烈,51.05,50.27,50.24,4801.64,17.53,19.36,稍微較貴,7.25,0.01
金龍路車位,台北市,內湖區,20.0,0,20.0,低價位,50,6984,19,8,14,6,2,1,0-30元,54.0%,6.0%,競爭適中,106.6,56.4,103.7,5250.0,-81.24,-64.54,明顯較便宜,1.77,0.78
濱海休憩園區,基隆市,中正區,28.571428571428573,0,28.571428571428573,低價位,5,1670,3,2,0,0,0,0,0-30元,100.0%,0.0%,低價競爭激烈,33.0,31.0,33.0,2500.0,-13.42,-7.83,稍微便宜,0.18,0.39
飛訊烘焙店面車位,台北市,士林區,31.428571428571427,0,31.428571428571427,中低價位,86,13584,34,28,13,8,1,2,0-30元,72.1%,3.5%,低價競爭激烈,124.58,46.56,121.72,5399.18,-74.77,-32.5,明顯較便宜,3.04,0.15
溫州公園車位,台北市,大安區,32.857142857142854,0,32.857142857142854,中低價位,147,24069,48,32,29,24,12,2,0-30元,54.4%,9.5%,競爭適中,88.2,68.25,84.93,6125.12,-62.75,-51.86,明顯較便宜,5.2,0.27
內湖成功月租車位,台北市,內湖區,28.0,0,28.0,低價位,100,22171,36,21,17,21,4,1,0-30元,57.0%,5.0%,競爭適中,85.15,59.0,83.38,5703.44,-67.12,-52.54,明顯較便宜,3.54,0.1
中和景安停車場,新北市,中和區,40.0,0,40.0,中低價位,135,23195,38,41,43,11,0,2,51-80元,58.5%,1.5%,競爭適中,71.33,54.78,70.26,4813.33,-43.93,-26.98,明顯較便宜,4.78,0.24
新北市政府行政大樓B3停車場(新府路),新北市,板橋區,42.857142857142854,0,42.857142857142854,中低價位,199,29275,79,38,68,12,1,1,0-30元,58.8%,1.0%,競爭適中,64.15,51.36,63.52,4865.0,-33.19,-16.56,明顯較便宜,7.04,0.14
復興萬象三階場,台北市,大安區,54.285714285714285,0,54.285714285714285,中價位,225,41309,52,50,32,58,29,4,81-120元,45.3%,14.7%,競爭適中,126.47,78.44,120.16,7562.04,-57.08,-30.8,明顯較便宜,7.96,0.19
福科路停車場,台中市,西屯區,20.0,0,20.0,低價位,0,0,0,0,0,0,0,0,無資料,0.0%,0.0%,競爭者少,0,0,-,-,0,0,價格相當,0.0,0
新店安忠路巷弄月租A場,新北市,新店區,0,0,0,低價位,53,5995,22,14,9,5,0,3,0-30元,67.9%,5.7%,低價競爭激烈,90.28,63.11,89.43,4645.65,0,0,價格相當,1.88,0.08
ILLUME茹曦酒店,台北市,松山區,88.57142857142857,0,88.57142857142857,中高價位,196,37320,44,41,32,50,25,4,81-120元,43.4%,14.8%,競爭適中,134.13,78.9,127.49,7437.62,-33.97,12.25,明顯較便宜,6.94,0.15
京站廣場鄰近車位,台北市,大同區,34.57142857142857,0,34.57142857142857,中低價位,196,30842,53,55,27,36,23,2,31-50元,55.1%,12.8%,競爭適中,105.26,72.5,99.46,6727.96,-67.15,-52.32,明顯較便宜,6.94,0.12
敦化北路165巷車位,台北市,松山區,50.0,10.0,50.0,中低價位,188,37739,42,39,29,50,24,4,81-120元,43.1%,14.9%,競爭適中,137.45,79.81,131.18,7385.03,-63.62,-37.35,明顯較便宜,6.65,0.14
月月公寓市府車位,台北市,信義區,44.285714285714285,0,44.285714285714285,中低價位,155,32433,34,33,23,50,12,3,81-120元,43.2%,9.7%,競爭適中,110.84,76.32,106.26,7266.36,-60.04,-41.98,明顯較便宜,5.48,0.16
嵜本吐司鄰近車位,台北市,信義區,54.285714285714285,0,54.285714285714285,中價位,163,33299,41,35,21,50,13,3,81-120元,46.6%,9.8%,競爭適中,107.42,74.57,102.33,7211.02,-49.47,-27.2,明顯較便宜,5.77,0.15
新店二十張精華車位,新北市,新店區,40.0,0,40.0,中低價位,120,19868,52,30,28,6,1,3,0-30元,68.3%,3.3%,低價競爭激烈,64.83,52.42,64.12,4622.73,-38.3,-23.69,明顯較便宜,4.25,0.1
芙蓉大樓1F平面車位,台北市,大安區,40.0,0,40.0,中低價位,216,38538,47,50,31,56,28,4,81-120元,44.9%,14.8%,競爭適中,129.0,79.05,122.85,7496.36,-68.99,-49.4,明顯較便宜,7.64,0.16
振宇五金中崙三柵欄外車位,台北市,中山區,30.0,0,30.0,低價位,216,39767,49,50,31,52,30,4,81-120元,45.8%,15.7%,競爭適中,128.75,78.8,122.12,7396.46,-76.7,-61.93,明顯較便宜,7.64,0.1
內湖獅子王桌球車位,台北市,內湖區,34.285714285714285,0,34.285714285714285,中低價位,74,16175,26,15,17,12,3,1,0-30元,55.4%,5.4%,競爭適中,90.54,55.88,89.25,4973.53,-62.13,-38.64,明顯較便宜,2.62,0.35
光復南路240巷車位(原紅蟹),台北市,大安區,88.57142857142857,10.0,88.57142857142857,中高價位,193,37781,55,40,25,49,21,3,0-30元,49.2%,12.4%,競爭適中,102.46,74.77,96.19,7171.17,-13.56,18.46,稍微便宜,6.83,0.14
伯爵山莊車位(網球場前),新北市,汐止區,10.0,0,10.0,低價位,60,7019,16,12,26,4,1,1,51-80元,46.7%,3.3%,競爭適中,79.5,55.25,78.83,4976.36,-87.42,-81.9,明顯較便宜,2.12,0.47
USPACE三重極限停車場,新北市,三重區,30.0,0,30.0,低價位,107,13226,42,17,41,7,0,0,0-30元,55.1%,0.0%,競爭適中,52.79,51.07,52.18,5360.94,-43.18,-41.25,明顯較便宜,3.79,0.1
台灣科技總部二期,新北市,新店區,50.0,0,50.0,中低價位,88,14145,36,18,23,7,1,3,0-30元,61.4%,4.5%,低價競爭激烈,75.23,58.64,74.03,4836.71,-33.53,-14.73,明顯較便宜,3.11,0.1
新店中正路地下B1車位,新北市,新店區,29.714285714285715,0,29.714285714285715,低價位,101,15544,42,23,25,7,1,3,0-30元,64.4%,4.0%,低價競爭激烈,70.74,56.19,69.9,4727.78,-58.0,-47.12,明顯較便宜,3.57,0.28
C10世正經貿大樓(B2汽車臨停區),台北市,南港區,60.0,0,60.0,中價位,68,15405,25,15,14,11,3,0,0-30元,58.8%,4.4%,競爭適中,56.76,55.81,55.15,5113.11,5.7,7.51,稍微較貴,2.41,0.13
USPACE仁愛帝寶站(B1機車區),台北市,大安區,30.0,0,30.0,低價位,213,36447,45,51,34,47,32,4,31-50元,45.1%,16.9%,競爭適中,130.42,79.77,123.75,7457.39,-77.0,-62.39,明顯較便宜,7.54,0.09
USPACE西門峨嵋站-B3汽車停車場,台北市,萬華區,65.71428571428571,0,65.71428571428571,中價位,168,26911,51,48,26,22,20,1,0-30元,58.9%,12.5%,競爭適中,98.07,64.94,94.55,6463.69,-32.99,1.19,明顯較便宜,5.94,0.12
通化街倉儲式月租車位,台北市,大安區,0,0,0,低價位,154,28837,39,37,20,41,16,1,81-120元,49.4%,11.0%,競爭適中,82.31,75.81,76.4,7185.63,0,0,價格相當,5.45,0.28
東海新興路停車位,台中市,龍井區,16.428571428571427,0,16.428571428571427,低價位,0,0,0,0,0,0,0,0,無資料,0.0%,0.0%,競爭者少,0,0,-,-,0,0,價格相當,0.0,0
師大功德站(40巷),台北市,大安區,0,0,0,低價位,161,25604,46,35,32,28,18,2,0-30元,50.3%,12.4%,競爭適中,91.74,73.53,87.67,6585.56,0,0,價格相當,5.7,0.25
USPACE和山停車場,新北市,中和區,42.857142857142854,0,42.857142857142854,中低價位,142,26075,40,39,51,10,1,1,51-80元,55.6%,1.4%,競爭適中,69.01,53.05,67.96,5197.24,-37.9,-19.21,明顯較便宜,5.02,0.03
八里龍米地下車位(媽媽嘴母港店旁),新北市,八里區,28.0,0,28.0,低價位,17,2465,4,5,4,4,0,0,31-50元,52.9%,0.0%,競爭適中,58.82,56.18,57.94,3070.0,-52.4,-50.16,明顯較便宜,0.6,1.25
林森錦州鄰近車位,台北市,中山區,50.0,0,50.0,中低價位,182,29500,45,51,29,34,19,4,31-50元,52.7%,12.6%,競爭適中,130.49,71.32,124.67,6684.5,-61.68,-29.89,明顯較便宜,6.44,0.11
新生南路車位,台北市,大安區,40.0,10.0,40.0,中低價位,158,24893,43,37,28,30,18,2,0-30元,50.6%,12.7%,競爭適中,92.72,74.17,88.29,6683.7,-56.86,-46.07,明顯較便宜,5.59,0.19
富邦層峰專用B2,台北市,大安區,0,0,0,低價位,197,36973,49,45,28,51,21,3,81-120元,47.7%,12.2%,競爭適中,102.74,75.61,96.37,7290.09,0,0,價格相當,6.97,0.36
南投戲院,南投縣,南投市,22.857142857142858,0,22.857142857142858,低價位,0,0,0,0,0,0,0,0,無資料,0.0%,0.0%,競爭者少,0,0,-,-,0,0,價格相當,0.0,0
社子國小鄰近車位,台北市,士林區,15.0,0,15.0,低價位,92,13847,37,22,24,7,1,1,0-30元,64.1%,2.2%,低價競爭激烈,68.25,47.65,65.79,5247.44,-78.02,-68.52,明顯較便宜,3.26,0.11
板橋忠孝國中精華車位,新北市,板橋區,20.0,0,20.0,低價位,203,28693,76,39,73,14,1,0,0-30元,56.7%,0.5%,競爭適中,53.62,52.41,52.91,4940.44,-62.7,-61.84,明顯較便宜,7.18,0.08
萬大路巷內車位,台北市,萬華區,0,0,0,低價位,149,27685,38,39,48,17,6,1,51-80元,51.7%,4.7%,競爭適中,74.26,59.53,72.99,5645.77,0,0,價格相當,5.27,0.41
USPACE中崙旗艦場,台北市,中山區,40.0,0,40.0,中低價位,215,39610,48,50,31,52,30,4,81-120元,45.6%,15.8%,競爭適中,129.21,79.02,122.55,7405.5,-69.04,-49.38,明顯較便宜,7.61,0.12
公館戶外車位,台北市,中正區,38.57142857142857,0,38.57142857142857,中低價位,129,21477,46,31,25,17,9,1,0-30元,59.7%,7.8%,競爭適中,75.16,58.44,71.9,5778.52,-48.68,-34.0,明顯較便宜,4.56,0.14
監理站鄰近車位,台北市,松山區,40.0,0,40.0,中低價位,188,38396,55,39,25,51,15,3,0-30元,50.0%,9.6%,競爭適中,100.27,71.73,94.12,7067.36,-60.11,-44.23,明顯較便宜,6.65,0.35
碧潭好風景停車場(帝景飯店),新北市,新店區,47.142857142857146,0,47.142857142857146,中低價位,73,10479,27,19,16,8,0,3,0-30元,63.0%,4.1%,低價競爭激烈,81.51,61.58,80.62,4714.06,-42.16,-23.44,明顯較便宜,2.58,0.29
敦化北路238巷車位,台北市,松山區,50.0,0,50.0,中低價位,164,31097,40,32,24,42,22,4,81-120元,43.9%,15.9%,競爭適中,145.67,79.73,140.31,7436.47,-65.68,-37.28,明顯較便宜,5.8,0.2
林森仁愛路鄰近車位,台北市,中正區,25.0,10.0,25.0,低價位,198,32404,50,49,27,42,27,3,0-30元,50.0%,15.2%,競爭適中,119.62,76.98,113.58,7118.67,-79.1,-67.52,明顯較便宜,7.01,0.2
上格大飯店車梯車位,新北市,三重區,0,0,0,低價位,190,29022,78,44,46,18,4,0,0-30元,64.2%,2.1%,低價競爭激烈,51.61,50.76,49.03,5337.95,0,0,價格相當,6.72,0.09
大巨蛋鄰近車位（光復南路33巷）,台北市,松山區,60.0,10.0,60.0,中價位,189,38799,56,40,24,51,15,3,0-30元,50.8%,9.5%,競爭適中,99.79,71.43,93.57,7059.44,-39.87,-16.0,明顯較便宜,6.69,0.34
高島屋鄰近車位,台北市,士林區,28.571428571428573,0,28.571428571428573,低價位,59,10303,18,24,9,5,1,2,31-50元,71.2%,5.1%,低價競爭激烈,162.12,48.56,156.69,6184.09,-82.38,-41.16,明顯較便宜,2.09,0.21
永安零售市場車位,新北市,永和區,37.857142857142854,0,37.857142857142854,中低價位,144,25761,42,42,44,13,2,1,51-80元,58.3%,2.1%,競爭適中,68.47,53.11,67.22,5098.85,-44.71,-28.72,明顯較便宜,5.1,0.29
南雅夜市鄰近車位,新北市,板橋區,0,0,0,低價位,185,26730,82,29,60,12,1,1,0-30元,60.0%,1.1%,低價競爭激烈,64.08,49.86,63.51,4746.47,0,0,價格相當,6.55,0.06
榔頭模型生存遊戲前方車位,台北市,士林區,25.0,0,25.0,低價位,97,14379,40,29,15,5,7,1,0-30元,71.1%,8.2%,低價競爭激烈,69.94,50.92,66.54,5465.88,-64.25,-50.9,明顯較便宜,3.43,0.28
光正街車位,新北市,板橋區,40.0,10.0,40.0,中低價位,199,29472,78,35,68,16,1,1,0-30元,56.8%,1.0%,競爭適中,65.4,52.63,64.72,4931.11,-38.84,-23.99,明顯較便宜,7.04,0.33
仲信大湖商旅,台北市,內湖區,28.0,0,28.0,低價位,45,5996,18,9,10,6,1,1,0-30元,60.0%,4.4%,低價競爭激烈,108.56,52.78,106.93,5148.84,-74.21,-46.95,明顯較便宜,1.59,0.26
Sogo佳醫美人車位,台中市,西區,52.857142857142854,10.0,52.857142857142854,中價位,0,0,0,0,0,0,0,0,無資料,0.0%,0.0%,競爭者少,0,0,-,-,0,0,價格相當,0.0,0
啄木鳥八德店車位,台北市,松山區,40.0,10.0,40.0,中低價位,181,36390,47,36,26,55,13,4,81-120元,45.9%,9.4%,競爭適中,116.57,73.43,111.27,7138.13,-65.69,-45.52,明顯較便宜,6.4,0.26
棒棒積木飯店,嘉義縣,太保市,0,0,0,低價位,0,0,0,0,0,0,0,0,無資料,0.0%,0.0%,競爭者少,0,0,-,-,0,0,價格相當,0.0,0
唐采文具五權西路車位,台中市,南屯區,80.0,0,80.0,中價位,0,0,0,0,0,0,0,0,無資料,0.0%,0.0%,競爭者少,0,0,-,-,0,0,價格相當,0.0,0
太平洋商業大樓(原延吉街合庫),台北市,大安區,78.57142857142857,0,78.57142857142857,中價位,196,37902,56,40,27,49,21,3,0-30元,49.0%,12.2%,競爭適中,101.81,74.54,95.54,7137.15,-22.83,5.41,明顯較便宜,6.94,0.28
瑞光路227號月租車位,台北市,內湖區,0,0,0,低價位,87,15410,33,14,17,17,4,2,0-30元,54.0%,6.9%,競爭適中,102.82,60.06,100.23,5756.71,0,0,價格相當,3.08,0.17
金龍湖畔月租場,新北市,汐止區,28.0,0,28.0,低價位,64,13197,19,13,21,7,3,1,51-80元,50.0%,6.2%,競爭適中,80.94,58.25,80.08,5205.17,-65.41,-51.93,明顯較便宜,2.26,0.19
台北橋下鄰近車位,台北市,大同區,0,0,0,低價位,190,28563,66,50,36,22,15,1,0-30元,61.1%,8.4%,低價競爭激烈,88.63,59.21,84.71,6083.7,0,0,價格相當,6.72,0.14
明德國小鄰近車位,台北市,北投區,35.714285714285715,0,35.714285714285715,中低價位,61,10387,19,26,8,5,1,2,31-50元,73.8%,4.9%,低價競爭激烈,157.13,47.46,151.39,6031.11,-77.27,-24.75,明顯較便宜,2.16,0.12
延平民生車位,台北市,大同區,32.857142857142854,10.0,32.857142857142854,中低價位,195,29241,61,54,35,26,18,1,0-30元,59.0%,9.7%,競爭適中,91.38,62.77,87.06,6338.5,-64.05,-47.65,明顯較便宜,6.9,0.16
市政府轉運大廈車位(加油站旁),台北市,信義區,65.71428571428571,50.0,65.71428571428571,中價位,157,32688,38,33,21,50,12,3,81-120元,45.2%,9.6%,競爭適中,109.17,75.1,104.2,7240.92,-39.81,-12.49,明顯較便宜,5.56,0.12
江南街車位,台北市,內湖區,20.0,0,20.0,低價位,86,15390,33,14,18,17,3,1,0-30元,54.7%,4.7%,競爭適中,88.43,58.78,85.47,5689.49,-77.38,-65.97,明顯較便宜,3.04,0.22
USPACE長春路龍江路臨時平面停車場,台北市,中山區,40.0,0,40.0,中低價位,194,32293,45,50,30,38,27,4,31-50元,49.0%,16.0%,競爭適中,132.35,76.73,125.83,7363.87,-69.78,-47.87,明顯較便宜,6.86,0.17
USPACE電信大樓停車場,台北市,大安區,80.0,0,80.0,中價位,147,27924,38,38,18,39,13,1,81-120元,51.7%,9.5%,競爭適中,79.83,74.01,73.91,7133.8,0.21,8.09,價格相當,5.2,0.42
林家花園鄰近車位,新北市,板橋區,30.0,0,30.0,低價位,190,25169,83,27,66,12,1,1,0-30元,57.9%,1.1%,競爭適中,64.24,50.53,63.68,4816.0,-53.3,-40.63,明顯較便宜,6.72,0.09
新莊四維公園,新北市,新莊區,20.0,10.0,20.0,低價位,85,9484,43,7,29,5,0,1,0-30元,58.8%,1.2%,競爭適中,77.24,47.14,77.0,4400.0,-74.11,-57.58,明顯較便宜,3.01,0.16
台南華人德州撲克競技協會停車場,台南市,永康區,20.0,0,20.0,低價位,0,0,0,0,0,0,0,0,無資料,0.0%,0.0%,競爭者少,0,0,-,-,0,0,價格相當,0.0,0
USPACE正氣橋下平面停車場,台北市,信義區,30.0,0,30.0,低價位,160,32992,36,32,24,53,11,4,81-120元,42.5%,9.4%,競爭適中,124.25,75.44,120.19,7178.73,-75.86,-60.23,明顯較便宜,5.66,0.06
西松國小車位,台北市,松山區,42.857142857142854,0,42.857142857142854,中低價位,180,36471,47,35,28,54,12,4,81-120元,45.6%,8.9%,競爭適中,116.61,73.22,111.06,7015.16,-63.25,-41.47,明顯較便宜,6.37,0.33
大湖駕訓班鄰近車位,台北市,內湖區,30.0,0,30.0,低價位,72,12782,27,13,15,14,2,1,0-30元,55.6%,4.2%,競爭適中,92.01,56.04,90.42,5016.92,-67.4,-46.47,明顯較便宜,2.55,0.53
通化街精華車位,台北市,大安區,65.71428571428571,10.0,65.71428571428571,中價位,148,28211,39,37,18,39,14,1,0-30元,51.4%,10.1%,競爭適中,80.57,74.83,74.7,7142.2,-18.44,-12.18,稍微便宜,5.24,0.37
USPACE板橋旗艦場,新北市,板橋區,60.0,0,60.0,中價位,205,32811,83,41,68,12,1,0,0-30元,60.5%,0.5%,低價競爭激烈,51.05,50.27,50.24,4801.64,17.53,19.36,稍微較貴,7.25,0.01
八里碼頭天后車位,新北市,八里區,30.0,15.0,30.0,低價位,29,2919,6,10,6,7,0,0,31-50元,55.2%,0.0%,競爭適中,60.0,55.69,59.83,4314.29,-50.0,-46.13,明顯較便宜,1.03,0.18
濟南路三段鄰近車位,台北市,大安區,45.714285714285715,20.0,45.714285714285715,中低價位,209,35053,46,49,33,46,31,4,31-50元,45.5%,16.7%,競爭適中,131.0,79.38,124.59,7458.24,-65.1,-42.41,明顯較便宜,7.4,0.15
(有棚)永和豫溪街鄰近車位,新北市,永和區,38.57142857142857,10.0,38.57142857142857,中低價位,131,24166,44,33,34,14,5,1,0-30元,58.8%,4.6%,競爭適中,71.83,55.12,69.92,5250.98,-46.3,-30.02,明顯較便宜,4.64,0.15
時代通商大樓B2倉儲式月租車位,台北市,大安區,0,0,0,低價位,194,37788,55,40,25,49,22,3,0-30元,49.0%,12.9%,競爭適中,102.96,75.41,96.73,7188.53,0,0,價格相當,6.86,0.17
永春公園停車場,台北市,信義區,45.714285714285715,20.0,45.714285714285715,中低價位,119,28033,32,27,18,34,8,0,81-120元,49.6%,6.7%,競爭適中,68.87,67.61,65.29,6950.87,-33.62,-32.38,明顯較便宜,4.21,0.22
原子街車位,台中市,北區,40.0,20.0,40.0,中低價位,0,0,0,0,0,0,0,0,無資料,0.0%,0.0%,競爭者少,0,0,-,-,0,0,價格相當,0.0,0
豐原文昌東停車位,台中市,豐原區,20.0,0,20.0,低價位,0,0,0,0,0,0,0,0,無資料,0.0%,0.0%,競爭者少,0,0,-,-,0,0,價格相當,0.0,0
永春市場車位,台北市,信義區,28.0,0,28.0,低價位,124,28595,32,25,19,39,8,1,81-120元,46.0%,7.3%,競爭適中,79.72,69.15,76.29,7088.69,-64.88,-59.51,明顯較便宜,4.39,0.41
Top Hair Salon蕾琦髮藝,台北市,松山區,50.0,0,50.0,中低價位,193,38624,54,38,28,54,15,4,0-30元,47.7%,9.8%,競爭適中,112.8,72.25,107.02,7085.52,-55.67,-30.8,明顯較便宜,6.83,0.21
USPACE國家企業中心 B4月租區,台北市,松山區,28.0,0,28.0,低價位,178,35917,47,34,27,55,11,4,81-120元,45.5%,8.4%,競爭適中,116.74,72.87,111.63,7089.8,-76.02,-61.57,明顯較便宜,6.3,0.29
長安東路精華車位(前門),台北市,中山區,40.0,20.0,40.0,中低價位,207,31875,48,54,31,41,29,4,31-50元,49.3%,15.9%,競爭適中,128.62,76.57,121.8,7238.78,-68.9,-47.76,明顯較便宜,7.32,0.08
北宜路車位,新北市,新店區,30.0,0,30.0,低價位,30,5136,9,11,7,2,0,1,31-50元,66.7%,3.3%,低價競爭激烈,95.83,48.33,94.33,4492.59,-68.7,-37.93,明顯較便宜,1.06,1.77
信義幼兒園車位,台北市,信義區,50.0,10.0,50.0,中低價位,165,33072,48,37,19,43,16,2,0-30元,51.5%,10.9%,競爭適中,86.61,73.52,81.21,7247.7,-42.27,-31.99,明顯較便宜,5.84,0.18
礁溪奕順軒後方車位,宜蘭縣,礁溪鄉,57.142857142857146,0,57.142857142857146,中價位,0,0,0,0,0,0,0,0,無資料,0.0%,0.0%,競爭者少,0,0,-,-,0,0,價格相當,0.0,0
市府路共享車位,台中市,中區,30.0,15.0,30.0,低價位,0,0,0,0,0,0,0,0,無資料,0.0%,0.0%,競爭者少,0,0,-,-,0,0,價格相當,0.0,0
青田街鄰近車位,台北市,大安區,65.71428571428571,0,65.71428571428571,中價位,172,27856,43,39,31,35,22,2,0-30元,47.7%,14.0%,競爭適中,94.36,77.34,89.77,6881.57,-30.36,-15.03,明顯較便宜,6.09,0.15
永春捷運站鄰近車位,台北市,信義區,50.0,10.0,50.0,中低價位,126,27901,32,26,20,39,8,1,81-120元,46.0%,7.1%,競爭適中,79.13,68.73,75.48,7082.48,-36.81,-27.25,明顯較便宜,4.46,0.3
車麗屋八德店,桃園市,大正里,20.0,0,20.0,低價位,1,79,0,0,1,0,0,0,51-80元,0.0%,0.0%,競爭者少,60.0,60.0,60.0,6000.0,-66.67,-66.67,明顯較便宜,0.04,2.97
台北體育場鄰近車位,台北市,松山區,40.0,0,40.0,中低價位,206,40905,55,43,31,52,22,3,0-30元,47.6%,12.1%,競爭適中,100.97,74.85,94.76,7061.37,-60.38,-46.56,明顯較便宜,7.29,0.23
美村勤美停車場,台中市,西區,42.857142857142854,10.0,42.857142857142854,中低價位,0,0,0,0,0,0,0,0,無資料,0.0%,0.0%,競爭者少,0,0,-,-,0,0,價格相當,0.0,0
羅東光榮路車位(全聯旁),宜蘭縣,羅東鎮,30.0,0,30.0,低價位,0,0,0,0,0,0,0,0,無資料,0.0%,0.0%,競爭者少,0,0,-,-,0,0,價格相當,0.0,0
大安森林公園車位(近建國花市),台北市,大安區,31.428571428571427,20.0,31.428571428571427,中低價位,205,36881,44,52,32,46,29,2,31-50元,46.8%,15.1%,競爭適中,110.63,78.98,104.32,7343.36,-71.59,-60.2,明顯較便宜,7.25,0.13
魔髮部屋精誠車位,台中市,西區,65.71428571428571,20.0,65.71428571428571,中價位,0,0,0,0,0,0,0,0,無資料,0.0%,0.0%,競爭者少,0,0,-,-,0,0,價格相當,0.0,0
國軍松山總醫院臨近車位,台北市,松山區,20.0,0,20.0,低價位,184,36931,47,37,30,52,14,4,81-120元,45.7%,9.8%,競爭適中,116.14,73.61,110.3,7017.78,-82.78,-72.83,明顯較便宜,6.51,0.5
民權東路二段135巷車位,台北市,中山區,50.0,0,50.0,中低價位,170,26261,41,46,27,31,21,4,31-50元,51.2%,14.7%,競爭適中,138.12,74.82,131.95,6892.29,-63.8,-33.18,明顯較便宜,6.02,0.09
八德路四段車位,台北市,松山區,40.0,0,40.0,中低價位,164,33549,37,32,27,52,12,4,81-120元,42.1%,9.8%,競爭適中,123.6,75.67,119.7,7067.55,-67.64,-47.14,明顯較便宜,5.8,0.23
永吉路巷弄車位,台北市,信義區,100.0,0,100.0,中高價位,147,31220,33,31,23,47,11,2,81-120元,43.5%,8.8%,競爭適中,90.88,76.05,86.46,7176.64,10.03,31.48,稍微較貴,5.2,0.14
合江街73巷車位,台北市,中山區,30.714285714285715,0,30.714285714285715,中低價位,180,29761,41,50,28,34,23,4,31-50元,50.6%,15.0%,競爭適中,134.94,74.97,128.3,7283.6,-77.24,-59.03,明顯較便宜,6.37,0.17
捷報逢田停車場,台中市,西屯區,35.714285714285715,0,35.714285714285715,中低價位,0,0,0,0,0,0,0,0,無資料,0.0%,0.0%,競爭者少,0,0,-,-,0,0,價格相當,0.0,0
信園社區車位(松仁路),台北市,信義區,20.0,0,20.0,低價位,109,21503,28,27,11,32,11,0,81-120元,50.5%,10.1%,競爭適中,72.34,71.47,68.44,7683.0,-72.35,-72.02,明顯較便宜,3.86,0.11
北投溫泉街車位(水美飯店旁),台北市,北投區,34.285714285714285,0,34.285714285714285,中低價位,32,4413,14,11,3,3,0,1,0-30元,78.1%,3.1%,低價競爭激烈,77.81,59.53,70.0,5904.17,-55.94,-42.41,明顯較便宜,1.13,0.19
USPACE安盛好樂停忠孝停車場,花蓮縣,花蓮市,20.0,0,20.0,低價位,0,0,0,0,0,0,0,0,無資料,0.0%,0.0%,競爭者少,0,0,-,-,0,0,價格相當,0.0,0
永盛公園車位,台北市,中山區,40.0,0,40.0,中低價位,188,29266,47,51,32,34,20,4,31-50元,52.1%,12.8%,競爭適中,129.02,71.76,123.18,6758.28,-69.0,-44.26,明顯較便宜,6.65,0.07
信義路地下車位 (低底盤車勿停),台北市,大安區,30.0,10.0,30.0,低價位,192,34499,44,45,28,50,23,2,81-120元,46.4%,13.0%,競爭適中,89.11,77.76,83.41,7324.84,-66.34,-61.42,明顯較便宜,6.79,0.1
USPACE光復大廈平面車位,台北市,大安區,42.857142857142854,10.0,42.857142857142854,中低價位,188,37556,54,40,24,50,17,3,0-30元,50.0%,10.6%,競爭適中,101.28,72.9,95.27,7108.26,-57.68,-41.21,明顯較便宜,6.65,0.07
宏泰交易二號廣場,台北市,信義區,65.71428571428571,0,65.71428571428571,中價位,138,29134,32,31,18,44,12,1,81-120元,45.7%,9.4%,競爭適中,82.1,71.59,78.26,7500.99,-19.96,-8.21,稍微便宜,4.88,0.15
軒維小廚前方車位,台北市,大安區,40.0,10.0,40.0,中低價位,191,35362,47,41,28,51,21,3,81-120元,46.1%,12.6%,競爭適中,104.58,76.65,98.38,7409.72,-61.75,-47.81,明顯較便宜,6.76,0.25
虹邦首都花園後方車位,台北市,中山區,52.857142857142854,20.0,52.857142857142854,中價位,180,30528,43,48,25,37,23,4,31-50元,50.6%,15.0%,競爭適中,135.36,75.39,129.13,7402.99,-60.95,-29.89,明顯較便宜,6.37,0.26
東湖麥當勞車位,台北市,內湖區,28.0,0,28.0,低價位,72,15970,27,15,16,11,3,0,0-30元,58.3%,4.2%,競爭適中,56.25,54.65,54.44,4950.0,-50.22,-48.77,明顯較便宜,2.55,0.08
Alife武昌街車梯車位,台北市,中正區,40.0,10.0,40.0,中低價位,184,29833,62,49,22,28,21,2,0-30元,60.3%,12.5%,低價競爭激烈,103.29,69.13,97.88,6604.65,-61.27,-42.14,明顯較便宜,6.51,0.18
國父紀念館西側車位,台北市,大安區,64.28571428571429,30.0,64.28571428571429,中價位,184,36471,52,41,23,48,17,3,0-30元,50.5%,10.9%,競爭適中,101.96,72.99,95.82,7180.32,-36.95,-11.92,明顯較便宜,6.51,0.02
SnowSensei幸福77車位,新北市,新莊區,40.0,0,40.0,中低價位,231,27558,98,42,74,15,1,1,0-30元,60.6%,0.9%,低價競爭激烈,61.02,49.65,60.02,4747.64,-34.44,-19.44,明顯較便宜,8.17,0.05
信義路四段巷內小小車位,台北市,大安區,60.0,0,60.0,中價位,170,32499,44,38,23,46,17,2,81-120元,48.2%,11.2%,競爭適中,88.35,75.68,82.76,7347.34,-32.09,-20.72,明顯較便宜,6.02,0.17
西屯區至善路車位,台中市,西屯區,50.0,30.0,50.0,中低價位,0,0,0,0,0,0,0,0,無資料,0.0%,0.0%,競爭者少,0,0,-,-,0,0,價格相當,0.0,0
USPACE倫敦科技大樓,台北市,內湖區,40.0,0,40.0,中低價位,65,11551,22,9,14,13,4,3,0-30元,47.7%,10.8%,競爭適中,169.08,63.31,164.69,5782.41,-76.34,-36.82,明顯較便宜,2.3,0.19
市民大道六段(饒河街夜市旁),台北市,信義區,44.285714285714285,0,44.285714285714285,中低價位,139,31467,33,32,23,40,9,2,81-120元,46.8%,7.9%,競爭適中,95.58,66.94,91.58,6803.25,-53.66,-33.85,明顯較便宜,4.92,0.12
蘆洲吉野家車位,新北市,蘆洲區,20.0,0,20.0,低價位,123,12111,51,19,46,7,0,0,0-30元,56.9%,0.0%,競爭適中,50.98,49.51,49.39,4928.51,-60.77,-59.61,明顯較便宜,4.35,0.07
板橋錢櫃精華車位,新北市,板橋區,42.42857142857143,0,42.42857142857143,中低價位,196,27369,79,35,69,12,1,0,0-30元,58.2%,0.5%,競爭適中,52.47,51.63,51.73,4893.3,-19.14,-17.83,稍微便宜,6.94,0.1
合江街20巷內車位,台北市,中山區,40.0,10.0,40.0,中低價位,194,32351,46,54,29,35,26,4,31-50元,51.5%,15.5%,競爭適中,130.21,74.56,123.39,7233.34,-69.28,-46.35,明顯較便宜,6.86,0.17
小班韓式右轉車位(延吉街131巷),台北市,大安區,54.285714285714285,0,54.285714285714285,中價位,201,39934,55,42,28,51,22,3,0-30元,48.3%,12.4%,競爭適中,101.74,75.02,95.4,7093.12,-46.64,-27.64,明顯較便宜,7.11,0.16
勝利七街精華車位,新竹縣,竹北市,22.857142857142858,0,22.857142857142858,低價位,0,0,0,0,0,0,0,0,無資料,0.0%,0.0%,競爭者少,0,0,-,-,0,0,價格相當,0.0,0
饒河街夜市(沃瑪玉成站),台北市,南港區,34.285714285714285,0,34.285714285714285,中低價位,120,29484,33,24,19,35,7,2,81-120元,47.5%,7.5%,競爭適中,98.46,66.71,94.92,6559.34,-65.18,-48.6,明顯較便宜,4.25,0.31
華西街夜市鄰近車位,台北市,萬華區,54.285714285714285,10.0,54.285714285714285,中價位,175,29424,60,45,37,21,10,2,0-30元,60.0%,6.9%,低價競爭激烈,100.83,57.27,98.2,5798.18,-46.16,-5.21,明顯較便宜,6.19,0.36
木柵國中鄰近車位,台北市,文山區,18.0,0,18.0,低價位,51,9807,28,8,12,2,1,0,0-30元,70.6%,2.0%,低價競爭激烈,42.55,42.06,40.2,4587.27,-57.7,-57.2,明顯較便宜,1.8,0.18
信義Joyce,台北市,信義區,28.0,0,28.0,低價位,150,32143,35,30,26,46,10,3,81-120元,43.3%,8.7%,競爭適中,116.6,69.0,112.33,6969.61,-75.99,-59.42,明顯較便宜,5.31,0.13
江南街精華車位,台北市,內湖區,27.142857142857142,0,27.142857142857142,低價位,86,15390,33,14,18,17,3,1,0-30元,54.7%,4.7%,競爭適中,88.43,58.78,85.47,5689.49,-69.31,-53.82,明顯較便宜,3.04,0.17
桃園北新街停車場,桃園市,桃園區,42.857142857142854,20.0,42.857142857142854,中低價位,0,0,0,0,0,0,0,0,無資料,0.0%,0.0%,競爭者少,0,0,-,-,0,0,價格相當,0.0,0
光復南路巷弄車位(42號),台北市,大安區,78.57142857142857,0,78.57142857142857,中價位,194,38035,55,41,25,49,21,3,0-30元,49.5%,12.4%,競爭適中,102.19,74.64,95.95,7171.17,-23.11,5.27,明顯較便宜,6.86,0.11
忠駝乙區社區車位(364巷),台北市,信義區,28.0,0,28.0,低價位,163,32805,47,38,19,43,14,2,0-30元,52.1%,9.8%,競爭適中,85.4,72.15,80.18,7239.93,-67.21,-61.19,明顯較便宜,5.77,0.2
福龍街及民族路口共享車位,台中市,北區,30.0,10.0,30.0,低價位,0,0,0,0,0,0,0,0,無資料,0.0%,0.0%,競爭者少,0,0,-,-,0,0,價格相當,0.0,0
廈門街鄰近車位,台北市,中正區,32.857142857142854,0,32.857142857142854,中低價位,159,30436,52,37,32,24,13,1,0-30元,56.0%,8.8%,競爭適中,75.91,62.09,71.76,5915.92,-56.72,-47.08,明顯較便宜,5.63,0.39
光正街精華車位,新北市,板橋區,32.857142857142854,15.0,32.857142857142854,中低價位,199,29271,78,36,67,16,1,1,0-30元,57.3%,1.0%,競爭適中,65.25,52.47,64.57,4913.97,-49.65,-37.38,明顯較便宜,7.04,0.32
勝學路108巷鄰近車位,台南市,永康區,20.0,0,20.0,低價位,0,0,0,0,0,0,0,0,無資料,0.0%,0.0%,競爭者少,0,0,-,-,0,0,價格相當,0.0,0
合江街100巷技術車位,台北市,中山區,12.857142857142858,10.0,12.857142857142858,低價位,186,31210,45,51,29,32,25,4,31-50元,51.6%,15.6%,競爭適中,132.74,74.7,126.08,7154.33,-90.31,-82.79,明顯較便宜,6.58,0.1
光復南路精華車位(52號),台北市,大安區,78.57142857142857,0,78.57142857142857,中價位,194,38035,55,41,25,49,21,3,0-30元,49.5%,12.4%,競爭適中,102.19,74.64,95.95,7171.17,-23.11,5.27,明顯較便宜,6.86,0.15
林森華國車位(25巷),台北市,中山區,50.0,40.0,50.0,中低價位,175,27307,47,46,27,32,20,3,0-30元,53.1%,13.1%,競爭適中,127.06,72.26,121.52,6714.8,-60.65,-30.8,明顯較便宜,6.19,0.17
士林華榮市場車位(宏達合作),台北市,士林區,41.42857142857143,10.0,41.42857142857143,中低價位,69,12079,23,28,9,6,1,2,31-50元,73.9%,4.3%,低價競爭激烈,143.83,46.43,139.61,5724.53,-71.2,-10.78,明顯較便宜,2.44,0.28
忠孝復興精華車位,台北市,大安區,85.71428571428571,0,85.71428571428571,中高價位,221,40478,52,49,31,59,26,4,81-120元,45.7%,13.6%,競爭適中,126.36,77.47,120.07,7526.23,-32.17,10.65,明顯較便宜,7.82,0.1
佑全藥局車位(瀋陽路側),台中市,北屯區,40.0,10.0,40.0,中低價位,0,0,0,0,0,0,0,0,無資料,0.0%,0.0%,競爭者少,0,0,-,-,0,0,價格相當,0.0,0
梅川東篤信精華車位,台中市,西區,40.0,10.0,40.0,中低價位,0,0,0,0,0,0,0,0,無資料,0.0%,0.0%,競爭者少,0,0,-,-,0,0,價格相當,0.0,0
延吉街車位(全聯前方),台北市,大安區,70.0,10.0,70.0,中價位,202,39825,55,42,29,50,23,3,0-30元,48.0%,12.9%,競爭適中,101.88,75.3,95.57,7127.66,-31.29,-7.03,明顯較便宜,7.15,0.11
中央路291巷,新竹縣,竹北市,20.0,0,20.0,低價位,0,0,0,0,0,0,0,0,無資料,0.0%,0.0%,競爭者少,0,0,-,-,0,0,價格相當,0.0,0
汐止茄苳路停車場,新北市,汐止區,50.0,0,50.0,中低價位,38,4269,8,7,20,2,0,1,51-80元,39.5%,2.6%,競爭適中,94.21,55.95,94.21,5150.0,-46.93,-10.63,明顯較便宜,1.34,0.07
辛亥BOSIC精華車位,台北市,大安區,40.0,0,40.0,中低價位,152,26333,46,34,25,29,16,2,0-30元,52.6%,11.8%,競爭適中,90.92,71.56,86.22,6588.71,-56.01,-44.1,明顯較便宜,5.38,0.15
USPACE萬豪酒店,台北市,中山區,100.0,0,100.0,中高價位,67,12702,26,10,12,12,4,3,0-30元,53.7%,10.4%,競爭適中,162.24,60.22,157.09,5874.67,-38.36,66.05,明顯較便宜,2.37,0.21
新莊明智街車位,新北市,新莊區,0,0,0,低價位,241,27527,104,42,76,16,2,1,0-30元,60.6%,1.2%,低價競爭激烈,60.39,49.83,59.9,4670.85,0,0,價格相當,8.53,0.22
USPACE新豐山崎站,新竹縣,新豐鄉,28.0,0,28.0,低價位,0,0,0,0,0,0,0,0,無資料,0.0%,0.0%,競爭者少,0,0,-,-,0,0,價格相當,0.0,0
勝利九街精華車位,新竹縣,竹北市,24.0,0,24.0,低價位,0,0,0,0,0,0,0,0,無資料,0.0%,0.0%,競爭者少,0,0,-,-,0,0,價格相當,0.0,0
南港仙聖宮旁車位,台北市,南港區,20.0,10.0,20.0,低價位,26,10428,11,4,2,6,3,0,0-30元,57.7%,11.5%,競爭適中,65.58,63.46,63.85,5747.83,-69.5,-68.48,明顯較便宜,0.92,0.47
湖光國宅253巷車位,台北市,內湖區,25.0,10.0,25.0,低價位,86,15264,33,14,17,17,4,1,0-30元,54.7%,5.8%,競爭適中,90.06,60.41,87.44,5779.23,-72.24,-58.61,明顯較便宜,3.04,0.14
SCI瑞光大樓,台北市,內湖區,40.0,0,40.0,中低價位,68,11960,23,12,16,11,4,2,0-30元,51.5%,8.8%,競爭適中,116.18,61.69,111.84,5543.0,-65.57,-35.16,明顯較便宜,2.41,0.12
欣寬向上路,台中市,南屯區,21.428571428571427,0,21.428571428571427,低價位,0,0,0,0,0,0,0,0,無資料,0.0%,0.0%,競爭者少,0,0,-,-,0,0,價格相當,0.0,0
南山人壽干城大樓,台中市,東區,30.0,10.0,30.0,低價位,0,0,0,0,0,0,0,0,無資料,0.0%,0.0%,競爭者少,0,0,-,-,0,0,價格相當,0.0,0
七條通鄰近車位,台北市,中山區,60.0,0,60.0,中價位,200,30930,47,55,31,37,26,4,31-50元,51.0%,15.0%,競爭適中,128.72,75.0,121.91,7019.72,-53.39,-20.0,明顯較便宜,7.08,0.08
大巨蛋鄰近車位（光復南路45巷）,台北市,松山區,50.0,10.0,50.0,中低價位,190,38845,56,40,24,51,16,3,0-30元,50.5%,10.0%,競爭適中,100.05,71.84,93.87,7065.28,-50.03,-30.4,明顯較便宜,6.72,0.31
紘緯德富路車位,台中市,南區,0,0,0,低價位,0,0,0,0,0,0,0,0,無資料,0.0%,0.0%,競爭者少,0,0,-,-,0,0,價格相當,0.0,0
台中大墩七街,台中市,南屯區,22.857142857142858,0,22.857142857142858,低價位,0,0,0,0,0,0,0,0,無資料,0.0%,0.0%,競爭者少,0,0,-,-,0,0,價格相當,0.0,0
捷運七張站車位(北新路),新北市,新店區,30.0,0,30.0,低價位,101,15748,44,23,24,6,1,3,0-30元,66.3%,4.0%,低價競爭激烈,69.6,55.05,68.76,4743.96,-56.9,-45.5,明顯較便宜,3.57,0.29
潮境公園停車場,基隆市,中正區,28.571428571428573,0,28.571428571428573,低價位,4,1263,3,1,0,0,0,0,0-30元,100.0%,0.0%,低價競爭激烈,28.75,26.25,28.75,3000.0,-0.62,8.84,價格相當,0.14,0.96
西門國賓車梯車位,台北市,萬華區,30.714285714285715,10.0,30.714285714285715,中低價位,170,28021,54,46,29,21,19,1,0-30元,58.8%,11.8%,競爭適中,96.38,63.62,92.91,6262.15,-68.13,-51.72,明顯較便宜,6.02,0.05
大安國小車位,台北市,大安區,32.857142857142854,0,32.857142857142854,中低價位,138,26426,42,31,16,35,13,1,0-30元,52.9%,10.1%,競爭適中,78.95,72.83,73.3,6874.17,-58.38,-54.88,明顯較便宜,4.88,0.26
光啓福音站,台北市,大安區,88.57142857142857,10.0,88.57142857142857,中高價位,201,36799,51,42,28,52,25,3,81-120元,46.3%,13.9%,競爭適中,104.53,77.99,98.06,7390.51,-15.26,13.57,稍微便宜,7.11,0.14
雙城街車位,台北市,中山區,40.0,20.0,40.0,中低價位,175,27670,48,46,28,31,19,3,0-30元,53.7%,12.6%,競爭適中,125.91,71.06,120.26,6706.63,-68.23,-43.71,明顯較便宜,6.19,0.15
天母築萃社區,台北市,士林區,28.0,0,28.0,低價位,66,11367,24,25,9,5,1,2,31-50元,74.2%,4.5%,低價競爭激烈,147.48,45.89,142.62,5960.78,-81.01,-38.99,明顯較便宜,2.34,0.08
埔心鄉員鹿路五段停車場,彰化縣,埔心鄉,30.0,0,30.0,低價位,0,0,0,0,0,0,0,0,無資料,0.0%,0.0%,競爭者少,0,0,-,-,0,0,價格相當,0.0,0
南雅西路一段31巷車位,新北市,板橋區,20.0,0,20.0,低價位,180,26690,79,26,62,12,1,0,0-30元,58.3%,0.6%,競爭適中,51.86,50.56,51.28,4828.14,-61.44,-60.44,明顯較便宜,6.37,0.12
健康路精華車位,台南市,南區,30.0,0,30.0,低價位,0,0,0,0,0,0,0,0,無資料,0.0%,0.0%,競爭者少,0,0,-,-,0,0,價格相當,0.0,0
新莊典華幸福大樓,新北市,新莊區,60.0,0,60.0,中價位,171,19842,77,24,55,12,2,1,0-30元,59.1%,1.8%,競爭適中,65.0,49.74,64.01,4566.03,-7.69,20.64,稍微便宜,6.05,0.08
聚鑫行銷前車位,台北市,大安區,80.0,35.0,80.0,中價位,223,40777,52,52,30,59,26,4,81-120元,46.6%,13.5%,競爭適中,125.49,77.09,119.13,7543.34,-36.25,3.78,明顯較便宜,7.89,0.19
永和街精華車位,台中市,南區,20.0,0,20.0,低價位,0,0,0,0,0,0,0,0,無資料,0.0%,0.0%,競爭者少,0,0,-,-,0,0,價格相當,0.0,0
QMotel鄰近車位,新北市,土城區,20.0,0,20.0,低價位,147,18283,67,13,57,10,0,0,0-30元,54.4%,0.0%,競爭適中,52.72,51.43,52.24,5085.29,-62.06,-61.11,明顯較便宜,5.2,0.1
迦樂悅 素食餐廳,台中市,南屯區,40.0,20.0,40.0,中低價位,0,0,0,0,0,0,0,0,無資料,0.0%,0.0%,競爭者少,0,0,-,-,0,0,價格相當,0.0,0
中央路地下停車場,彰化縣,彰化市,30.0,0,30.0,低價位,0,0,0,0,0,0,0,0,無資料,0.0%,0.0%,競爭者少,0,0,-,-,0,0,價格相當,0.0,0
紅樓精緻鐵板燒車位,新北市,蘆洲區,30.0,10.0,30.0,低價位,110,10241,47,15,41,7,0,0,0-30元,56.4%,0.0%,競爭適中,50.82,49.32,49.0,4898.54,-40.97,-39.17,明顯較便宜,3.89,0.06
海科館調和街轉運站,新北市,瑞芳區,12.857142857142858,0,12.857142857142858,低價位,8,2097,6,2,0,0,0,0,0-30元,100.0%,0.0%,低價競爭激烈,30.62,28.12,30.62,2166.67,-58.02,-54.29,明顯較便宜,0.28,0.2
新莊中港小北百貨,新北市,新莊區,32.857142857142854,10.0,32.857142857142854,中低價位,244,27810,108,41,76,16,2,1,0-30元,61.1%,1.2%,低價競爭激烈,59.88,49.42,59.26,4639.38,-45.13,-33.52,明顯較便宜,8.63,0.26
汐止工建路場,新北市,汐止區,31.428571428571427,8.0,31.428571428571427,中低價位,71,13461,21,16,23,7,3,1,51-80元,52.1%,5.6%,競爭適中,77.75,57.29,77.5,5189.23,-59.58,-45.14,明顯較便宜,2.51,0.02
復興南路精華車位,台北市,大安區,34.285714285714285,10.0,34.285714285714285,中低價位,172,32822,42,40,25,42,22,1,0-30元,47.7%,13.4%,競爭適中,83.49,77.44,78.05,7023.68,-58.93,-55.73,明顯較便宜,6.09,0.22
光正文化車位,新北市,板橋區,32.857142857142854,15.0,32.857142857142854,中低價位,199,29283,78,37,67,15,1,1,0-30元,57.8%,1.0%,競爭適中,65.0,52.22,64.32,4913.97,-49.45,-37.08,明顯較便宜,7.04,0.29
鎮三街二場,桃園市,桃園區,15.0,0,15.0,低價位,0,0,0,0,0,0,0,0,無資料,0.0%,0.0%,競爭者少,0,0,-,-,0,0,價格相當,0.0,0
USPACE青年一期社會住宅地下停車場,台北市,萬華區,30.0,0,30.0,低價位,151,27387,40,40,48,15,7,1,51-80元,53.0%,5.3%,競爭適中,74.17,59.7,72.12,5539.31,-59.55,-49.75,明顯較便宜,5.34,0.4
建成大廈三場,台北市,大安區,78.57142857142857,0,78.57142857142857,中價位,198,36998,50,43,28,51,23,3,81-120元,47.0%,13.1%,競爭適中,103.89,76.89,97.32,7345.84,-24.37,2.18,明顯較便宜,7.01,0.26
政大公企中心鄰近車位,台北市,大安區,46.333333333333336,50.0,50.0,中低價位,190,31426,49,46,31,39,22,3,0-30元,50.0%,13.2%,競爭適中,119.55,75.34,114.39,6783.88,-58.18,-38.5,明顯較便宜,6.72,0.22
中研公園鄰近車位,台北市,南港區,20.0,0,20.0,低價位,57,14166,24,12,8,10,3,0,0-30元,63.2%,5.3%,低價競爭激烈,56.32,55.26,55.45,5323.08,-64.49,-63.81,明顯較便宜,2.02,0.17
中正區中華月租車位,台北市,中正區,28.0,0,28.0,低價位,147,28828,49,35,31,20,11,1,0-30元,57.1%,8.2%,競爭適中,75.88,60.96,72.65,5982.58,-63.1,-54.07,明顯較便宜,5.2,0.2
南區大客車停車場,基隆市,中正區,45.714285714285715,0,45.714285714285715,中低價位,4,1263,3,1,0,0,0,0,0-30元,100.0%,0.0%,低價競爭激烈,28.75,26.25,28.75,3000.0,59.01,74.15,明顯較貴,0.14,0.89
文心維格診所車位,台中市,南屯區,32.857142857142854,20.0,32.857142857142854,中低價位,0,0,0,0,0,0,0,0,無資料,0.0%,0.0%,競爭者少,0,0,-,-,0,0,價格相當,0.0,0
忠駝乙區社區車位(380巷),台北市,信義區,50.0,0,50.0,中低價位,164,33011,47,37,20,43,15,2,0-30元,51.2%,10.4%,競爭適中,86.22,73.05,80.91,7249.49,-42.01,-31.55,明顯較便宜,5.8,0.16
松隆虎林街3020車位,台北市,信義區,30.0,10.0,30.0,低價位,140,31622,35,31,22,41,9,2,81-120元,47.1%,7.9%,競爭適中,94.93,66.5,91.0,6850.75,-68.4,-54.89,明顯較便宜,4.95,0.27
敦化國中鄰近車梯車位,台北市,松山區,50.0,10.0,50.0,中低價位,207,39386,45,47,32,53,26,4,81-120元,44.4%,14.5%,競爭適中,130.68,78.38,123.98,7472.76,-61.74,-36.21,明顯較便宜,7.32,0.19
復興南路車位(小李子對面),台北市,大安區,38.0,0,38.0,中低價位,172,32243,44,39,25,41,22,1,0-30元,48.3%,13.4%,競爭適中,82.99,77.09,77.41,7072.96,-54.21,-50.71,明顯較便宜,6.09,0.02
逸仙路地下車位(車高限1.65M內),台北市,信義區,46.57142857142857,0,46.57142857142857,中低價位,175,36087,49,38,21,50,14,3,81-120元,49.7%,9.7%,競爭適中,103.03,72.43,97.49,7125.41,-54.8,-35.7,明顯較便宜,6.19,0.18
USPACE中山南西場(汽車),台北市,中山區,122.85714285714286,0,122.85714285714286,高價位,195,30853,51,53,29,36,23,3,31-50元,53.3%,13.3%,競爭適中,122.15,72.97,116.47,6874.65,0.58,68.36,價格相當,6.9,0.11
竹北享平方B1停車場,新竹縣,竹北市,0,0,0,低價位,0,0,0,0,0,0,0,0,無資料,0.0%,0.0%,競爭者少,0,0,-,-,0,0,價格相當,0.0,0
紘緯南屯德順車位,台中市,南屯區,30.0,0,30.0,低價位,0,0,0,0,0,0,0,0,無資料,0.0%,0.0%,競爭者少,0,0,-,-,0,0,價格相當,0.0,0
刑事警察局車位,台北市,信義區,68.57142857142857,30.0,68.57142857142857,中價位,175,36306,50,37,22,50,13,3,0-30元,49.7%,9.1%,競爭適中,102.57,71.97,96.8,7124.56,-33.15,-4.72,明顯較便宜,6.19,0.17
海洋劇場停車場,基隆市,中正區,28.571428571428573,0,28.571428571428573,低價位,4,1263,3,1,0,0,0,0,0-30元,100.0%,0.0%,低價競爭激烈,28.75,26.25,28.75,3000.0,-0.62,8.84,價格相當,0.14,0.94
新竹埔頂撥筋堂車位,新竹市,東區,30.0,0,30.0,低價位,0,0,0,0,0,0,0,0,無資料,0.0%,0.0%,競爭者少,0,0,-,-,0,0,價格相當,0.0,0
東方麒麟社區B4月租車位,台北市,信義區,0,0,0,低價位,111,26453,30,22,17,35,7,0,81-120元,46.8%,6.3%,競爭適中,70.05,68.51,67.12,6880.31,0,0,價格相當,3.93,0.15
USPACE市民復興停車場,台北市,大安區,30.0,0,30.0,低價位,226,41242,53,49,31,59,30,4,81-120元,45.1%,15.0%,競爭適中,126.84,79.07,120.51,7556.53,-76.35,-62.06,明顯較便宜,8.0,0.13
林口仁愛停車場,新北市,林口區,30.0,10.0,30.0,低價位,83,10324,26,13,34,10,0,0,51-80元,47.0%,0.0%,競爭適中,56.99,56.39,56.63,5006.85,-47.36,-46.79,明顯較便宜,2.94,0.04
太平大興13街車位,台中市,太平區,0,0,0,低價位,0,0,0,0,0,0,0,0,無資料,0.0%,0.0%,競爭者少,0,0,-,-,0,0,價格相當,0.0,0
中正博愛路月租車位,台北市,中正區,28.0,0,28.0,低價位,184,29309,62,50,23,26,21,2,0-30元,60.9%,12.5%,低價競爭激烈,102.74,68.53,97.45,6544.03,-72.75,-59.14,明顯較便宜,6.51,0.11
西門國泰世紀平面車位,台北市,萬華區,45.714285714285715,10.0,45.714285714285715,中低價位,179,28504,59,48,34,20,17,1,0-30元,59.8%,10.1%,競爭適中,92.54,61.42,89.3,6163.5,-50.6,-25.58,明顯較便宜,6.33,0.21
黎明米撰旁停車位,台中市,南屯區,32.857142857142854,10.0,32.857142857142854,中低價位,0,0,0,0,0,0,0,0,無資料,0.0%,0.0%,競爭者少,0,0,-,-,0,0,價格相當,0.0,0
德惠街精華車位,台北市,中山區,30.0,0,30.0,低價位,167,25422,42,47,26,29,19,4,31-50元,53.3%,13.8%,競爭適中,136.32,71.89,130.27,6817.33,-77.99,-58.27,明顯較便宜,5.91,0.27
忠孝公園地下B1車位,台北市,中正區,52.857142857142854,10.0,52.857142857142854,中價位,208,32658,47,48,32,44,33,4,31-50元,45.7%,17.8%,競爭適中,131.54,79.76,125.53,7494.82,-59.82,-33.73,明顯較便宜,7.36,0.17
景美國中鄰近車位,台北市,文山區,50.0,30.0,50.0,中低價位,127,22013,51,32,35,8,1,0,0-30元,65.4%,0.8%,低價競爭激烈,48.54,47.8,47.36,4990.0,3.0,4.61,價格相當,4.49,0.27
崇德九路及山西北一街車位(柵欄外地鎖),台中市,北屯區,0,0,0,低價位,0,0,0,0,0,0,0,0,無資料,0.0%,0.0%,競爭者少,0,0,-,-,0,0,價格相當,0.0,0
社子社正路87巷車位,台北市,士林區,20.0,0,20.0,低價位,91,12964,37,28,19,5,1,1,0-30元,71.4%,2.2%,低價競爭激烈,65.43,45.26,62.73,5292.91,-69.43,-55.81,明顯較便宜,3.22,0.05
建國錦州鄰近車位,台北市,中山區,35.714285714285715,0,35.714285714285715,中低價位,171,28356,40,48,27,31,21,4,31-50元,51.5%,14.6%,競爭適中,136.9,73.95,130.38,7127.77,-73.91,-51.7,明顯較便宜,6.05,0.18
文德路66巷車位,台北市,內湖區,30.0,0,30.0,低價位,75,13327,32,9,17,14,2,1,0-30元,54.7%,4.0%,競爭適中,90.33,56.47,87.73,5235.0,-66.79,-46.87,明顯較便宜,2.65,0.34
USPACE長春復興站,台北市,松山區,82.85714285714286,0,82.85714285714286,中高價位,196,36874,44,47,29,47,25,4,31-50元,46.4%,14.8%,競爭適中,133.14,78.04,126.64,7496.45,-37.77,6.18,明顯較便宜,6.94,0.12
北投承德路鄰近車位,台北市,北投區,20.0,10.0,20.0,低價位,58,9683,25,19,7,4,0,3,0-30元,75.9%,5.2%,低價競爭激烈,177.57,52.57,173.24,5867.39,-88.74,-61.95,明顯較便宜,2.05,0.38
頂好名店城一場,台北市,大安區,78.57142857142857,10.0,78.57142857142857,中價位,209,37733,52,43,30,55,26,3,81-120元,45.5%,13.9%,競爭適中,103.73,78.16,97.16,7501.16,-24.26,0.53,明顯較便宜,7.4,0.23
大英街645巷口車位,台中市,南屯區,32.857142857142854,10.0,32.857142857142854,中低價位,0,0,0,0,0,0,0,0,無資料,0.0%,0.0%,競爭者少,0,0,-,-,0,0,價格相當,0.0,0
岡山北街2巷尾,高雄市,鳳山區,20.0,0,20.0,低價位,0,0,0,0,0,0,0,0,無資料,0.0%,0.0%,競爭者少,0,0,-,-,0,0,價格相當,0.0,0
中山堂鄰近車位,台北市,中正區,50.0,0,50.0,中低價位,182,29127,60,51,23,25,21,2,0-30元,61.0%,12.6%,低價競爭激烈,103.1,68.52,97.8,6542.65,-51.51,-27.02,明顯較便宜,6.44,0.12
建國北路車位(學府路),台中市,西區,0,0,0,低價位,0,0,0,0,0,0,0,0,無資料,0.0%,0.0%,競爭者少,0,0,-,-,0,0,價格相當,0.0,0
水雲醫美診所前方車位,桃園市,龜山區,28.0,10.0,28.0,低價位,72,9538,16,15,31,10,0,0,51-80元,43.1%,0.0%,競爭適中,61.18,60.07,60.42,5469.49,-54.23,-53.39,明顯較便宜,2.55,1.16
奧美伽健身會館-彰化中正店,彰化縣,彰化市,30.0,0,30.0,低價位,0,0,0,0,0,0,0,0,無資料,0.0%,0.0%,競爭者少,0,0,-,-,0,0,價格相當,0.0,0
車麗屋崇德店,台中市,北屯區,30.0,0,30.0,低價位,0,0,0,0,0,0,0,0,無資料,0.0%,0.0%,競爭者少,0,0,-,-,0,0,價格相當,0.0,0
三重三和路鄰近車位,新北市,三重區,40.0,0,40.0,中低價位,189,27016,73,48,37,21,9,1,0-30元,64.0%,5.3%,低價競爭激烈,83.35,53.12,80.39,5536.73,-52.01,-24.69,明顯較便宜,6.69,0.38
龍門國中鄰近車位,台北市,大安區,20.0,0,20.0,低價位,157,27690,48,34,25,32,16,2,0-30元,52.2%,11.5%,競爭適中,90.51,71.76,85.96,6596.6,-77.9,-72.13,明顯較便宜,5.56,0.13
hyphen for the arts 車位,台北市,大安區,171.71428571428572,80.0,171.71428571428572,高價位,204,36707,48,46,29,53,25,3,81-120元,46.1%,13.7%,競爭適中,104.17,77.97,98.38,7490.15,64.85,120.24,明顯較貴,7.22,0.21
復育公園停車場,基隆市,中正區,28.571428571428573,0,28.571428571428573,低價位,4,1263,3,1,0,0,0,0,0-30元,100.0%,0.0%,低價競爭激烈,28.75,26.25,28.75,3000.0,-0.62,8.84,價格相當,0.14,1.16
樂業街精華車位,台北市,大安區,42.857142857142854,30.0,42.857142857142854,中低價位,139,26690,41,31,17,36,13,1,0-30元,51.8%,10.1%,競爭適中,79.39,73.31,73.63,6924.26,-46.02,-41.54,明顯較便宜,4.92,0.18
神岡台灣氣球博物館,台中市,神岡區,30.0,0,30.0,低價位,0,0,0,0,0,0,0,0,無資料,0.0%,0.0%,競爭者少,0,0,-,-,0,0,價格相當,0.0,0
城市之光髮型車位,台中市,豐原區,25.0,0,25.0,低價位,0,0,0,0,0,0,0,0,無資料,0.0%,0.0%,競爭者少,0,0,-,-,0,0,價格相當,0.0,0
簡易法庭臨近車位,桃園市,桃園區,20.0,0,20.0,低價位,0,0,0,0,0,0,0,0,無資料,0.0%,0.0%,競爭者少,0,0,-,-,0,0,價格相當,0.0,0
建國北路75旁車位,台中市,西區,20.0,0,20.0,低價位,0,0,0,0,0,0,0,0,無資料,0.0%,0.0%,競爭者少,0,0,-,-,0,0,價格相當,0.0,0
葫蘆堵市場鄰近車位,台北市,士林區,20.0,10.0,20.0,低價位,100,13835,37,29,23,6,4,1,0-30元,66.0%,5.0%,低價競爭激烈,68.49,50.09,65.83,5496.14,-70.8,-60.07,明顯較便宜,3.54,0.18
宏達吉利場,台北市,北投區,30.0,10.0,30.0,低價位,53,9245,23,17,6,4,0,3,0-30元,75.5%,5.7%,低價競爭激烈,190.36,53.75,185.62,6095.12,-84.24,-44.19,明顯較便宜,1.88,0.14
台北魚市鄰近地下車位,台北市,中山區,30.0,0,30.0,低價位,164,25712,39,44,28,30,19,4,31-50元,50.6%,14.0%,競爭適中,139.24,73.63,133.16,6853.51,-78.45,-59.25,明顯較便宜,5.8,0.05
南京龍江精華車位,台北市,中山區,44.285714285714285,10.0,44.285714285714285,中低價位,203,37316,44,49,30,46,30,4,31-50元,45.8%,16.7%,競爭適中,132.68,79.53,125.87,7516.32,-66.62,-44.32,明顯較便宜,7.18,0.1
USPACE晶華酒店停車場,台北市,中山區,100.0,0,100.0,中高價位,199,31150,49,57,32,36,21,4,31-50元,53.3%,12.6%,競爭適中,125.6,71.58,119.07,6783.2,-20.38,39.7,明顯較便宜,7.04,0.13
忠孝東路216巷車位,台北市,大安區,78.57142857142857,10.0,78.57142857142857,中價位,193,37233,53,42,26,48,21,3,0-30元,49.2%,12.4%,競爭適中,102.51,74.82,96.24,7215.71,-23.35,5.02,明顯較便宜,6.83,0.28
板橋錢櫃金站停車場,新北市,板橋區,45.0,0,45.0,中低價位,194,27282,77,35,69,12,1,0,0-30元,57.7%,0.5%,競爭適中,52.71,51.86,51.96,4911.86,-14.62,-13.22,稍微便宜,6.86,0.0
USPACE健康2區社會住宅地下停車場,台北市,松山區,30.0,0,30.0,低價位,176,36240,44,35,30,51,12,4,81-120元,44.9%,9.1%,競爭適中,117.73,73.07,112.81,6872.96,-74.52,-58.94,明顯較便宜,6.23,0.13
紘緯忠明南路車位,台中市,南區,0,0,0,低價位,0,0,0,0,0,0,0,0,無資料,0.0%,0.0%,競爭者少,0,0,-,-,0,0,價格相當,0.0,0
竹北體育館鄰近車位,新竹縣,竹北市,32.857142857142854,0,32.857142857142854,中低價位,0,0,0,0,0,0,0,0,無資料,0.0%,0.0%,競爭者少,0,0,-,-,0,0,價格相當,0.0,0
文山福興場,台北市,文山區,32.857142857142854,0,32.857142857142854,中低價位,101,16937,42,22,20,12,5,0,0-30元,63.4%,5.0%,低價競爭激烈,53.27,52.43,50.84,5333.26,-38.32,-37.33,明顯較便宜,3.57,0.28
USPACE健康1區社會住宅地下停車場,台北市,松山區,30.0,0,30.0,低價位,179,36540,45,35,30,53,12,4,81-120元,44.7%,8.9%,競爭適中,117.04,73.13,111.76,6973.23,-74.37,-58.98,明顯較便宜,6.33,0.24
民權西路站鄰近車位,台北市,大同區,40.0,0,40.0,中低價位,186,28145,57,49,34,26,19,1,0-30元,57.0%,10.8%,競爭適中,94.76,64.76,90.19,6398.25,-57.79,-38.23,明顯較便宜,6.58,0.18
西門電影街鄰近車位,台北市,萬華區,52.857142857142854,0,52.857142857142854,中價位,177,27469,57,46,33,21,19,1,0-30元,58.2%,11.3%,競爭適中,95.11,63.76,91.78,6323.3,-44.43,-17.1,明顯較便宜,6.26,0.22
東門路二段停車場,台南市,東區,40.0,0,40.0,中低價位,0,0,0,0,0,0,0,0,無資料,0.0%,0.0%,競爭者少,0,0,-,-,0,0,價格相當,0.0,0
USPACE新莊溼地公園場,新北市,新莊區,30.0,0,30.0,低價位,197,22981,86,31,66,12,2,0,0-30元,59.4%,1.0%,競爭適中,50.33,49.44,49.11,4643.26,-40.39,-39.32,明顯較便宜,6.97,0.03
板橋江子翠鄰近車位,新北市,板橋區,20.0,0,20.0,低價位,205,32407,82,43,64,15,1,0,0-30元,61.0%,0.5%,低價競爭激烈,51.41,50.9,50.22,4941.49,-61.1,-60.71,明顯較便宜,7.25,0.1
監理站後方車位(Honda後方),台北市,松山區,34.0,10.0,34.0,中低價位,190,38862,54,39,27,51,16,3,0-30元,48.9%,10.0%,競爭適中,100.74,72.5,94.74,7030.31,-66.25,-53.1,明顯較便宜,6.72,0.32
崇德九路及山西北一街車位,台中市,北屯區,34.285714285714285,10.0,34.285714285714285,中低價位,0,0,0,0,0,0,0,0,無資料,0.0%,0.0%,競爭者少,0,0,-,-,0,0,價格相當,0.0,0
石牌陽信大樓站,台北市,北投區,32.857142857142854,0,32.857142857142854,中低價位,66,10995,25,24,8,6,0,3,0-30元,74.2%,4.5%,低價競爭激烈,163.17,53.02,157.7,6069.23,-79.86,-38.02,明顯較便宜,2.34,0.12
中山路三段181巷鄰近車位,新北市,中和區,34.285714285714285,10.0,34.285714285714285,中低價位,189,33149,67,43,64,14,1,0,0-30元,58.2%,0.5%,競爭適中,53.12,52.14,52.35,4945.24,-35.46,-34.25,明顯較便宜,6.69,0.03
精誠路 LAST hair domain,台中市,西區,50.0,0,50.0,中低價位,0,0,0,0,0,0,0,0,無資料,0.0%,0.0%,競爭者少,0,0,-,-,0,0,價格相當,0.0,0
民生吉林鄰近車位,台北市,中山區,50.0,10.0,50.0,中低價位,177,28365,44,49,29,32,19,4,31-50元,52.5%,13.0%,競爭適中,132.8,72.09,125.91,6808.52,-62.35,-30.64,明顯較便宜,6.26,0.18
正公館站倉儲式月租車位,台北市,中正區,0,0,0,低價位,131,21707,48,31,25,17,9,1,0-30元,60.3%,7.6%,低價競爭激烈,74.54,58.08,71.18,5807.95,0,0,價格相當,4.64,0.23
大安捷運廣場,台北市,大安區,40.0,15.0,40.0,中低價位,188,33841,44,43,28,49,23,1,81-120元,46.3%,12.8%,競爭適中,83.62,78.24,78.01,7336.94,-52.16,-48.88,明顯較便宜,6.65,0.16
桃園觀光夜市鄰近車位,桃園市,桃園區,40.0,10.0,40.0,中低價位,0,0,0,0,0,0,0,0,無資料,0.0%,0.0%,競爭者少,0,0,-,-,0,0,價格相當,0.0,0
文山萬盛街月租場,台北市,文山區,0,0,0,低價位,114,19589,45,25,25,14,5,0,0-30元,61.4%,4.4%,低價競爭激烈,54.78,53.9,52.5,5502.55,0,0,價格相當,4.03,0.2
思源路大都會車位,新北市,新莊區,40.0,10.0,40.0,中低價位,233,26856,98,42,74,16,2,1,0-30元,60.1%,1.3%,低價競爭激烈,61.2,49.85,60.34,4660.28,-34.64,-19.76,明顯較便宜,8.24,0.1
板橋遠東百貨鄰近車位,新北市,板橋區,42.857142857142854,0,42.857142857142854,中低價位,199,28624,78,38,69,13,1,0,0-30元,58.3%,0.5%,競爭適中,52.34,51.53,51.71,4918.54,-18.11,-16.83,稍微便宜,7.04,0.08
南京敦化鄰近車位,台北市,松山區,60.0,0,60.0,中價位,205,39280,45,47,32,51,26,4,81-120元,44.9%,14.6%,競爭適中,130.98,78.17,124.22,7455.2,-54.19,-23.24,明顯較便宜,7.25,0.16
基隆路一段364巷車位,台北市,信義區,48.57142857142857,10.0,48.57142857142857,中低價位,163,32805,47,38,19,43,14,2,0-30元,52.1%,9.8%,競爭適中,85.4,72.15,80.18,7239.93,-43.12,-32.68,明顯較便宜,5.77,0.2
USPACE新莊昌平街場,新北市,新莊區,30.0,0,30.0,低價位,198,22988,86,31,67,12,2,0,0-30元,59.1%,1.0%,競爭適中,50.38,49.49,49.17,4650.84,-40.45,-39.39,明顯較便宜,7.01,0.03
文山萬隆月租車位,台北市,文山區,0,0,0,低價位,124,20281,42,32,31,13,5,1,0-30元,59.7%,4.8%,競爭適中,71.53,53.94,69.76,5351.86,0,0,價格相當,4.39,0.22
南港玉河苑B4機械月租車位,台北市,南港區,0,0,0,低價位,121,29711,33,25,19,35,7,2,81-120元,47.9%,7.4%,競爭適中,97.98,66.49,94.46,6540.47,0,0,價格相當,4.28,0.26
USPACE 富紳礁溪第一停車場（全聯礁溪公園店旁）,宜蘭縣,礁溪鄉,22.857142857142858,0,22.857142857142858,低價位,0,0,0,0,0,0,0,0,無資料,0.0%,0.0%,競爭者少,0,0,-,-,0,0,價格相當,0.0,0
萬善堂後方車位(俥亭合作),台北市,信義區,44.285714285714285,0,44.285714285714285,中低價位,145,31109,33,30,22,47,11,2,81-120元,43.4%,9.0%,競爭適中,91.31,76.28,87.45,7198.75,-51.5,-41.94,明顯較便宜,5.13,0.06
特斯拉超充站新北新莊,新北市,新莊區,0,0,0,低價位,194,21295,89,29,61,12,2,1,0-30元,60.8%,1.5%,低價競爭激烈,62.27,49.17,61.55,4503.43,0,0,價格相當,6.86,0.01
